story_type,culture_1,culture_2,distance,embedding_model
Change and Continuity,Bengali,Chakma,0.022356106464921144,Mistral
Change and Continuity,Bengali,Garo (Mandi),0.023397153522311642,Mistral
Change and Continuity,Bengali,Hajong,0.02024626861516321,Mistral
Change and Continuity,Bengali,Khasi,0.020123152321144366,Mistral
Change and Continuity,Bengali,Manipuri (Meitei),0.02726707187201094,Mistral
Change and Continuity,Bengali,Marma,0.021164411798016536,Mistral
Change and Continuity,Bengali,Mro,0.026260860385165175,Mistral
Change and Continuity,Bengali,Oraon (Kurukh),0.019699808774557903,Mistral
Change and Continuity,Bengali,Rakhine,0.022651094574890118,Mistral
Change and Continuity,Bengali,Santal,0.02079977620711948,Mistral
Change and Continuity,Bengali,Tripura,0.025500988421083837,Mistral
Change and Continuity,Chakma,Garo (Mandi),0.016143110410174577,Mistral
Change and Continuity,Chakma,Hajong,0.017221590072942772,Mistral
Change and Continuity,Chakma,Khasi,0.01897659235371163,Mistral
Change and Continuity,Chakma,Manipuri (Meitei),0.030910507471087034,Mistral
Change and Continuity,Chakma,Marma,0.01868607915706899,Mistral
Change and Continuity,Chakma,Mro,0.013731247608644193,Mistral
Change and Continuity,Chakma,Oraon (Kurukh),0.011283870431990195,Mistral
Change and Continuity,Chakma,Rakhine,0.020175781587582153,Mistral
Change and Continuity,Chakma,Santal,0.015868594975314898,Mistral
Change and Continuity,Chakma,Tripura,0.011629709602125837,Mistral
Change and Continuity,Garo (Mandi),Hajong,0.016668053711915598,Mistral
Change and Continuity,Garo (Mandi),Khasi,0.01602559118065361,Mistral
Change and Continuity,Garo (Mandi),Manipuri (Meitei),0.02482547942652147,Mistral
Change and Continuity,Garo (Mandi),Marma,0.019172498616820355,Mistral
Change and Continuity,Garo (Mandi),Mro,0.016360494410925353,Mistral
Change and Continuity,Garo (Mandi),Oraon (Kurukh),0.014855758686225129,Mistral
Change and Continuity,Garo (Mandi),Rakhine,0.02070922941672826,Mistral
Change and Continuity,Garo (Mandi),Santal,0.014161181463603012,Mistral
Change and Continuity,Garo (Mandi),Tripura,0.014171007607210684,Mistral
Change and Continuity,Hajong,Khasi,0.01774474146997418,Mistral
Change and Continuity,Hajong,Manipuri (Meitei),0.028064003917418145,Mistral
Change and Continuity,Hajong,Marma,0.02352453324065773,Mistral
Change and Continuity,Hajong,Mro,0.01632645783503439,Mistral
Change and Continuity,Hajong,Oraon (Kurukh),0.01463038441822706,Mistral
Change and Continuity,Hajong,Rakhine,0.01626742723300767,Mistral
Change and Continuity,Hajong,Santal,0.01375111905519677,Mistral
Change and Continuity,Hajong,Tripura,0.017526646288205994,Mistral
Change and Continuity,Khasi,Manipuri (Meitei),0.02763672707651288,Mistral
Change and Continuity,Khasi,Marma,0.020236576622486124,Mistral
Change and Continuity,Khasi,Mro,0.017745238762456372,Mistral
Change and Continuity,Khasi,Oraon (Kurukh),0.016452175157949167,Mistral
Change and Continuity,Khasi,Rakhine,0.018144852286792634,Mistral
Change and Continuity,Khasi,Santal,0.015311276672993479,Mistral
Change and Continuity,Khasi,Tripura,0.019409181836526845,Mistral
Change and Continuity,Manipuri (Meitei),Marma,0.02684400347360305,Mistral
Change and Continuity,Manipuri (Meitei),Mro,0.028098847796253046,Mistral
Change and Continuity,Manipuri (Meitei),Oraon (Kurukh),0.027783515958245797,Mistral
Change and Continuity,Manipuri (Meitei),Rakhine,0.023727463033211715,Mistral
Change and Continuity,Manipuri (Meitei),Santal,0.02645276119722051,Mistral
Change and Continuity,Manipuri (Meitei),Tripura,0.02447642568379116,Mistral
Change and Continuity,Marma,Mro,0.01958225404058933,Mistral
Change and Continuity,Marma,Oraon (Kurukh),0.017724818714575985,Mistral
Change and Continuity,Marma,Rakhine,0.020376046035360362,Mistral
Change and Continuity,Marma,Santal,0.019206682488379312,Mistral
Change and Continuity,Marma,Tripura,0.02072416265828958,Mistral
Change and Continuity,Mro,Oraon (Kurukh),0.015165683352075354,Mistral
Change and Continuity,Mro,Rakhine,0.01814762031431083,Mistral
Change and Continuity,Mro,Santal,0.015680561327950482,Mistral
Change and Continuity,Mro,Tripura,0.016110796331209154,Mistral
Change and Continuity,Oraon (Kurukh),Rakhine,0.019488489666384168,Mistral
Change and Continuity,Oraon (Kurukh),Santal,0.011051180804986238,Mistral
Change and Continuity,Oraon (Kurukh),Tripura,0.014632194034700952,Mistral
Change and Continuity,Rakhine,Santal,0.01746754142535456,Mistral
Change and Continuity,Rakhine,Tripura,0.021125032734673033,Mistral
Change and Continuity,Santal,Tripura,0.017894868769325,Mistral
Community Crisis,Bengali,Chakma,0.014380448204613927,Mistral
Community Crisis,Bengali,Garo (Mandi),0.014831064372503922,Mistral
Community Crisis,Bengali,Hajong,0.01252764091121128,Mistral
Community Crisis,Bengali,Khasi,0.018051078504410456,Mistral
Community Crisis,Bengali,Manipuri (Meitei),0.017989842058230843,Mistral
Community Crisis,Bengali,Marma,0.02051143198915517,Mistral
Community Crisis,Bengali,Mro,0.01863021072133475,Mistral
Community Crisis,Bengali,Oraon (Kurukh),0.009884110002837065,Mistral
Community Crisis,Bengali,Rakhine,0.014291725386311738,Mistral
Community Crisis,Bengali,Santal,0.010928883147715118,Mistral
Community Crisis,Bengali,Tripura,0.013986370821511551,Mistral
Community Crisis,Chakma,Garo (Mandi),0.011218075826147422,Mistral
Community Crisis,Chakma,Hajong,0.014939383536947015,Mistral
Community Crisis,Chakma,Khasi,0.014293443166242259,Mistral
Community Crisis,Chakma,Manipuri (Meitei),0.023137719728558603,Mistral
Community Crisis,Chakma,Marma,0.013028219009264985,Mistral
Community Crisis,Chakma,Mro,0.011284779087779806,Mistral
Community Crisis,Chakma,Oraon (Kurukh),0.01230467163926019,Mistral
Community Crisis,Chakma,Rakhine,0.01806088240713022,Mistral
Community Crisis,Chakma,Santal,0.013974749974737244,Mistral
Community Crisis,Chakma,Tripura,0.011516362276460468,Mistral
Community Crisis,Garo (Mandi),Hajong,0.012195626282389793,Mistral
Community Crisis,Garo (Mandi),Khasi,0.015513347009401102,Mistral
Community Crisis,Garo (Mandi),Manipuri (Meitei),0.019889910578564485,Mistral
Community Crisis,Garo (Mandi),Marma,0.015524620277812762,Mistral
Community Crisis,Garo (Mandi),Mro,0.013191083020661742,Mistral
Community Crisis,Garo (Mandi),Oraon (Kurukh),0.01354463346132806,Mistral
Community Crisis,Garo (Mandi),Rakhine,0.01566636478239658,Mistral
Community Crisis,Garo (Mandi),Santal,0.01304552195409514,Mistral
Community Crisis,Garo (Mandi),Tripura,0.012088022339385884,Mistral
Community Crisis,Hajong,Khasi,0.01758941976981032,Mistral
Community Crisis,Hajong,Manipuri (Meitei),0.01786088406076014,Mistral
Community Crisis,Hajong,Marma,0.01680318753387755,Mistral
Community Crisis,Hajong,Mro,0.016335775951744957,Mistral
Community Crisis,Hajong,Oraon (Kurukh),0.01408537165342505,Mistral
Community Crisis,Hajong,Rakhine,0.01697689140814984,Mistral
Community Crisis,Hajong,Santal,0.011667222467051541,Mistral
Community Crisis,Hajong,Tripura,0.014388003433532304,Mistral
Community Crisis,Khasi,Manipuri (Meitei),0.019801908150225866,Mistral
Community Crisis,Khasi,Marma,0.013699521061009468,Mistral
Community Crisis,Khasi,Mro,0.011975859836817593,Mistral
Community Crisis,Khasi,Oraon (Kurukh),0.015903645359403917,Mistral
Community Crisis,Khasi,Rakhine,0.016249932980522797,Mistral
Community Crisis,Khasi,Santal,0.017199961031981514,Mistral
Community Crisis,Khasi,Tripura,0.014358591015510735,Mistral
Community Crisis,Manipuri (Meitei),Marma,0.019084594498760543,Mistral
Community Crisis,Manipuri (Meitei),Mro,0.022739543679013208,Mistral
Community Crisis,Manipuri (Meitei),Oraon (Kurukh),0.019743543353275772,Mistral
Community Crisis,Manipuri (Meitei),Rakhine,0.021869902484713655,Mistral
Community Crisis,Manipuri (Meitei),Santal,0.017821615472630836,Mistral
Community Crisis,Manipuri (Meitei),Tripura,0.020245312578989982,Mistral
Community Crisis,Marma,Mro,0.007224913399350497,Mistral
Community Crisis,Marma,Oraon (Kurukh),0.018649788549723323,Mistral
Community Crisis,Marma,Rakhine,0.02239679757030133,Mistral
Community Crisis,Marma,Santal,0.01643013920320291,Mistral
Community Crisis,Marma,Tripura,0.015217556454626635,Mistral
Community Crisis,Mro,Oraon (Kurukh),0.01721264205416928,Mistral
Community Crisis,Mro,Rakhine,0.02010231049177902,Mistral
Community Crisis,Mro,Santal,0.015996823964139817,Mistral
Community Crisis,Mro,Tripura,0.012585683629745215,Mistral
Community Crisis,Oraon (Kurukh),Rakhine,0.01563445772321992,Mistral
Community Crisis,Oraon (Kurukh),Santal,0.010409104398689917,Mistral
Community Crisis,Oraon (Kurukh),Tripura,0.013769458453488204,Mistral
Community Crisis,Rakhine,Santal,0.016642682362567718,Mistral
Community Crisis,Rakhine,Tripura,0.01505996505176821,Mistral
Community Crisis,Santal,Tripura,0.014466429800049307,Mistral
Everyday Life Narrative,Bengali,Chakma,0.02529080512039772,Mistral
Everyday Life Narrative,Bengali,Garo (Mandi),0.01880528266068182,Mistral
Everyday Life Narrative,Bengali,Hajong,0.017068700189108665,Mistral
Everyday Life Narrative,Bengali,Khasi,0.02229608682127271,Mistral
Everyday Life Narrative,Bengali,Manipuri (Meitei),0.023128787449028354,Mistral
Everyday Life Narrative,Bengali,Marma,0.02374316420880418,Mistral
Everyday Life Narrative,Bengali,Mro,0.0219794342094759,Mistral
Everyday Life Narrative,Bengali,Oraon (Kurukh),0.016328441151774897,Mistral
Everyday Life Narrative,Bengali,Rakhine,0.024177993990184166,Mistral
Everyday Life Narrative,Bengali,Santal,0.019986105882506155,Mistral
Everyday Life Narrative,Bengali,Tripura,0.0215857007957454,Mistral
Everyday Life Narrative,Chakma,Garo (Mandi),0.02047912829015197,Mistral
Everyday Life Narrative,Chakma,Hajong,0.021940553807124674,Mistral
Everyday Life Narrative,Chakma,Khasi,0.02204147364290554,Mistral
Everyday Life Narrative,Chakma,Manipuri (Meitei),0.017532975853331467,Mistral
Everyday Life Narrative,Chakma,Marma,0.023448752681458962,Mistral
Everyday Life Narrative,Chakma,Mro,0.01850752216908591,Mistral
Everyday Life Narrative,Chakma,Oraon (Kurukh),0.024714747343050347,Mistral
Everyday Life Narrative,Chakma,Rakhine,0.023973994491006345,Mistral
Everyday Life Narrative,Chakma,Santal,0.026856105035608535,Mistral
Everyday Life Narrative,Chakma,Tripura,0.02362008938863225,Mistral
Everyday Life Narrative,Garo (Mandi),Hajong,0.019582722049574675,Mistral
Everyday Life Narrative,Garo (Mandi),Khasi,0.019729266599380013,Mistral
Everyday Life Narrative,Garo (Mandi),Manipuri (Meitei),0.021877065769806636,Mistral
Everyday Life Narrative,Garo (Mandi),Marma,0.017254655789667894,Mistral
Everyday Life Narrative,Garo (Mandi),Mro,0.017058785637984575,Mistral
Everyday Life Narrative,Garo (Mandi),Oraon (Kurukh),0.0168743561749628,Mistral
Everyday Life Narrative,Garo (Mandi),Rakhine,0.01992471875122126,Mistral
Everyday Life Narrative,Garo (Mandi),Santal,0.018561520424241862,Mistral
Everyday Life Narrative,Garo (Mandi),Tripura,0.02153833606586919,Mistral
Everyday Life Narrative,Hajong,Khasi,0.018088874192402682,Mistral
Everyday Life Narrative,Hajong,Manipuri (Meitei),0.022925181564418584,Mistral
Everyday Life Narrative,Hajong,Marma,0.0198698670990769,Mistral
Everyday Life Narrative,Hajong,Mro,0.018481438654410542,Mistral
Everyday Life Narrative,Hajong,Oraon (Kurukh),0.018722196558598303,Mistral
Everyday Life Narrative,Hajong,Rakhine,0.01770647613205134,Mistral
Everyday Life Narrative,Hajong,Santal,0.019442757181717063,Mistral
Everyday Life Narrative,Hajong,Tripura,0.02164235784009283,Mistral
Everyday Life Narrative,Khasi,Manipuri (Meitei),0.021413185643089916,Mistral
Everyday Life Narrative,Khasi,Marma,0.018788455027045847,Mistral
Everyday Life Narrative,Khasi,Mro,0.01712268315192822,Mistral
Everyday Life Narrative,Khasi,Oraon (Kurukh),0.019848772770414636,Mistral
Everyday Life Narrative,Khasi,Rakhine,0.021398566438846633,Mistral
Everyday Life Narrative,Khasi,Santal,0.02301051466492554,Mistral
Everyday Life Narrative,Khasi,Tripura,0.020119873109646358,Mistral
Everyday Life Narrative,Manipuri (Meitei),Marma,0.02528111634066399,Mistral
Everyday Life Narrative,Manipuri (Meitei),Mro,0.02236289056084917,Mistral
Everyday Life Narrative,Manipuri (Meitei),Oraon (Kurukh),0.022762322033002325,Mistral
Everyday Life Narrative,Manipuri (Meitei),Rakhine,0.021927994167726728,Mistral
Everyday Life Narrative,Manipuri (Meitei),Santal,0.025100700447735824,Mistral
Everyday Life Narrative,Manipuri (Meitei),Tripura,0.01910616327366388,Mistral
Everyday Life Narrative,Marma,Mro,0.0142674938270142,Mistral
Everyday Life Narrative,Marma,Oraon (Kurukh),0.02116534047614771,Mistral
Everyday Life Narrative,Marma,Rakhine,0.023732233582027584,Mistral
Everyday Life Narrative,Marma,Santal,0.026517674482365527,Mistral
Everyday Life Narrative,Marma,Tripura,0.022071751027637587,Mistral
Everyday Life Narrative,Mro,Oraon (Kurukh),0.019743123837248522,Mistral
Everyday Life Narrative,Mro,Rakhine,0.02312858257655781,Mistral
Everyday Life Narrative,Mro,Santal,0.02422974051777671,Mistral
Everyday Life Narrative,Mro,Tripura,0.01786665893913597,Mistral
Everyday Life Narrative,Oraon (Kurukh),Rakhine,0.021682740576255966,Mistral
Everyday Life Narrative,Oraon (Kurukh),Santal,0.016793377263913722,Mistral
Everyday Life Narrative,Oraon (Kurukh),Tripura,0.020528574575634062,Mistral
Everyday Life Narrative,Rakhine,Santal,0.02581741446150898,Mistral
Everyday Life Narrative,Rakhine,Tripura,0.025752484964632005,Mistral
Everyday Life Narrative,Santal,Tripura,0.02245783403760815,Mistral
Human–Nature Relationship,Bengali,Chakma,0.01145675388058387,Mistral
Human–Nature Relationship,Bengali,Garo (Mandi),0.009068448110447824,Mistral
Human–Nature Relationship,Bengali,Hajong,0.011369533529680065,Mistral
Human–Nature Relationship,Bengali,Khasi,0.014064234798886521,Mistral
Human–Nature Relationship,Bengali,Manipuri (Meitei),0.01899367580530542,Mistral
Human–Nature Relationship,Bengali,Marma,0.01072888953119533,Mistral
Human–Nature Relationship,Bengali,Mro,0.015016392750763718,Mistral
Human–Nature Relationship,Bengali,Oraon (Kurukh),0.010685657442776275,Mistral
Human–Nature Relationship,Bengali,Rakhine,0.009885199653398069,Mistral
Human–Nature Relationship,Bengali,Santal,0.010312798685869984,Mistral
Human–Nature Relationship,Bengali,Tripura,0.015219273841641012,Mistral
Human–Nature Relationship,Chakma,Garo (Mandi),0.00868226132003358,Mistral
Human–Nature Relationship,Chakma,Hajong,0.007185115140820542,Mistral
Human–Nature Relationship,Chakma,Khasi,0.01048327307956265,Mistral
Human–Nature Relationship,Chakma,Manipuri (Meitei),0.01588118077768519,Mistral
Human–Nature Relationship,Chakma,Marma,0.00949007060955298,Mistral
Human–Nature Relationship,Chakma,Mro,0.010081682883103293,Mistral
Human–Nature Relationship,Chakma,Oraon (Kurukh),0.010807913982773587,Mistral
Human–Nature Relationship,Chakma,Rakhine,0.011286866382935079,Mistral
Human–Nature Relationship,Chakma,Santal,0.009479465818770239,Mistral
Human–Nature Relationship,Chakma,Tripura,0.008640086133607894,Mistral
Human–Nature Relationship,Garo (Mandi),Hajong,0.008115146621504365,Mistral
Human–Nature Relationship,Garo (Mandi),Khasi,0.012110608477285068,Mistral
Human–Nature Relationship,Garo (Mandi),Manipuri (Meitei),0.01444134133069086,Mistral
Human–Nature Relationship,Garo (Mandi),Marma,0.009885855698707813,Mistral
Human–Nature Relationship,Garo (Mandi),Mro,0.012093248223717046,Mistral
Human–Nature Relationship,Garo (Mandi),Oraon (Kurukh),0.009979105136990407,Mistral
Human–Nature Relationship,Garo (Mandi),Rakhine,0.0084994099209027,Mistral
Human–Nature Relationship,Garo (Mandi),Santal,0.009631196842402767,Mistral
Human–Nature Relationship,Garo (Mandi),Tripura,0.011531886784348244,Mistral
Human–Nature Relationship,Hajong,Khasi,0.009806609294512492,Mistral
Human–Nature Relationship,Hajong,Manipuri (Meitei),0.01388121588418667,Mistral
Human–Nature Relationship,Hajong,Marma,0.0095650022261351,Mistral
Human–Nature Relationship,Hajong,Mro,0.009372326107470075,Mistral
Human–Nature Relationship,Hajong,Oraon (Kurukh),0.00982788541584989,Mistral
Human–Nature Relationship,Hajong,Rakhine,0.008390113441880565,Mistral
Human–Nature Relationship,Hajong,Santal,0.007481452530992638,Mistral
Human–Nature Relationship,Hajong,Tripura,0.009991169502627795,Mistral
Human–Nature Relationship,Khasi,Manipuri (Meitei),0.015771616244632858,Mistral
Human–Nature Relationship,Khasi,Marma,0.012118522069281656,Mistral
Human–Nature Relationship,Khasi,Mro,0.012340115767330961,Mistral
Human–Nature Relationship,Khasi,Oraon (Kurukh),0.012472423217955608,Mistral
Human–Nature Relationship,Khasi,Rakhine,0.013093130684598941,Mistral
Human–Nature Relationship,Khasi,Santal,0.008891329492393796,Mistral
Human–Nature Relationship,Khasi,Tripura,0.010629449221958076,Mistral
Human–Nature Relationship,Manipuri (Meitei),Marma,0.014089148106108063,Mistral
Human–Nature Relationship,Manipuri (Meitei),Mro,0.016034964716961975,Mistral
Human–Nature Relationship,Manipuri (Meitei),Oraon (Kurukh),0.01624872474888095,Mistral
Human–Nature Relationship,Manipuri (Meitei),Rakhine,0.014400618025389389,Mistral
Human–Nature Relationship,Manipuri (Meitei),Santal,0.014765890538775195,Mistral
Human–Nature Relationship,Manipuri (Meitei),Tripura,0.014244332131869042,Mistral
Human–Nature Relationship,Marma,Mro,0.009546099952618792,Mistral
Human–Nature Relationship,Marma,Oraon (Kurukh),0.011999292915053195,Mistral
Human–Nature Relationship,Marma,Rakhine,0.009378226830375591,Mistral
Human–Nature Relationship,Marma,Santal,0.009108038083737058,Mistral
Human–Nature Relationship,Marma,Tripura,0.011540870435331474,Mistral
Human–Nature Relationship,Mro,Oraon (Kurukh),0.011184986205904024,Mistral
Human–Nature Relationship,Mro,Rakhine,0.011968668948217243,Mistral
Human–Nature Relationship,Mro,Santal,0.009635458013866116,Mistral
Human–Nature Relationship,Mro,Tripura,0.009159654095818537,Mistral
Human–Nature Relationship,Oraon (Kurukh),Rakhine,0.010079014052031154,Mistral
Human–Nature Relationship,Oraon (Kurukh),Santal,0.008775923082387616,Mistral
Human–Nature Relationship,Oraon (Kurukh),Tripura,0.01289096583455751,Mistral
Human–Nature Relationship,Rakhine,Santal,0.009635332856990142,Mistral
Human–Nature Relationship,Rakhine,Tripura,0.01364153681840563,Mistral
Human–Nature Relationship,Santal,Tripura,0.010023546813859308,Mistral
Moral Transgression and Consequence,Bengali,Chakma,0.01949741840495467,Mistral
Moral Transgression and Consequence,Bengali,Garo (Mandi),0.025682697296917745,Mistral
Moral Transgression and Consequence,Bengali,Hajong,0.018544605844961426,Mistral
Moral Transgression and Consequence,Bengali,Khasi,0.02760143708961016,Mistral
Moral Transgression and Consequence,Bengali,Manipuri (Meitei),0.02394026479070044,Mistral
Moral Transgression and Consequence,Bengali,Marma,0.02103387765826381,Mistral
Moral Transgression and Consequence,Bengali,Mro,0.02565754477756521,Mistral
Moral Transgression and Consequence,Bengali,Oraon (Kurukh),0.021562534959031265,Mistral
Moral Transgression and Consequence,Bengali,Rakhine,0.01990357521341668,Mistral
Moral Transgression and Consequence,Bengali,Santal,0.018573865262161426,Mistral
Moral Transgression and Consequence,Bengali,Tripura,0.02122128019370917,Mistral
Moral Transgression and Consequence,Chakma,Garo (Mandi),0.015291497182773894,Mistral
Moral Transgression and Consequence,Chakma,Hajong,0.01296271991651432,Mistral
Moral Transgression and Consequence,Chakma,Khasi,0.014202191815124166,Mistral
Moral Transgression and Consequence,Chakma,Manipuri (Meitei),0.023489205331843954,Mistral
Moral Transgression and Consequence,Chakma,Marma,0.012154744167164888,Mistral
Moral Transgression and Consequence,Chakma,Mro,0.01542759538988725,Mistral
Moral Transgression and Consequence,Chakma,Oraon (Kurukh),0.011526383187703049,Mistral
Moral Transgression and Consequence,Chakma,Rakhine,0.01313673545410865,Mistral
Moral Transgression and Consequence,Chakma,Santal,0.01330767576680747,Mistral
Moral Transgression and Consequence,Chakma,Tripura,0.01279427324330773,Mistral
Moral Transgression and Consequence,Garo (Mandi),Hajong,0.016559742144671263,Mistral
Moral Transgression and Consequence,Garo (Mandi),Khasi,0.017541415218302214,Mistral
Moral Transgression and Consequence,Garo (Mandi),Manipuri (Meitei),0.020404933932032354,Mistral
Moral Transgression and Consequence,Garo (Mandi),Marma,0.015441963146508808,Mistral
Moral Transgression and Consequence,Garo (Mandi),Mro,0.012758226835952957,Mistral
Moral Transgression and Consequence,Garo (Mandi),Oraon (Kurukh),0.017214670710759217,Mistral
Moral Transgression and Consequence,Garo (Mandi),Rakhine,0.018856358647765692,Mistral
Moral Transgression and Consequence,Garo (Mandi),Santal,0.020228484490888543,Mistral
Moral Transgression and Consequence,Garo (Mandi),Tripura,0.01585539316339657,Mistral
Moral Transgression and Consequence,Hajong,Khasi,0.01535106467033931,Mistral
Moral Transgression and Consequence,Hajong,Manipuri (Meitei),0.01720338925134468,Mistral
Moral Transgression and Consequence,Hajong,Marma,0.012151027182587537,Mistral
Moral Transgression and Consequence,Hajong,Mro,0.013048498723189472,Mistral
Moral Transgression and Consequence,Hajong,Oraon (Kurukh),0.010644061078618816,Mistral
Moral Transgression and Consequence,Hajong,Rakhine,0.01484078547181078,Mistral
Moral Transgression and Consequence,Hajong,Santal,0.011749837739192914,Mistral
Moral Transgression and Consequence,Hajong,Tripura,0.011602815508961362,Mistral
Moral Transgression and Consequence,Khasi,Manipuri (Meitei),0.023749770289252847,Mistral
Moral Transgression and Consequence,Khasi,Marma,0.01560834148040402,Mistral
Moral Transgression and Consequence,Khasi,Mro,0.015974909022879236,Mistral
Moral Transgression and Consequence,Khasi,Oraon (Kurukh),0.015562580161023076,Mistral
Moral Transgression and Consequence,Khasi,Rakhine,0.021407781332509535,Mistral
Moral Transgression and Consequence,Khasi,Santal,0.017756209061326356,Mistral
Moral Transgression and Consequence,Khasi,Tripura,0.012986109176302496,Mistral
Moral Transgression and Consequence,Manipuri (Meitei),Marma,0.01900373860190585,Mistral
Moral Transgression and Consequence,Manipuri (Meitei),Mro,0.021399548831554704,Mistral
Moral Transgression and Consequence,Manipuri (Meitei),Oraon (Kurukh),0.02106925322307651,Mistral
Moral Transgression and Consequence,Manipuri (Meitei),Rakhine,0.02067608448961289,Mistral
Moral Transgression and Consequence,Manipuri (Meitei),Santal,0.023448399047945823,Mistral
Moral Transgression and Consequence,Manipuri (Meitei),Tripura,0.02158147386232212,Mistral
Moral Transgression and Consequence,Marma,Mro,0.012960209130670863,Mistral
Moral Transgression and Consequence,Marma,Oraon (Kurukh),0.014126502671474972,Mistral
Moral Transgression and Consequence,Marma,Rakhine,0.013436108213618514,Mistral
Moral Transgression and Consequence,Marma,Santal,0.017941058240725782,Mistral
Moral Transgression and Consequence,Marma,Tripura,0.013926258272605407,Mistral
Moral Transgression and Consequence,Mro,Oraon (Kurukh),0.014355336719076184,Mistral
Moral Transgression and Consequence,Mro,Rakhine,0.017540077984733005,Mistral
Moral Transgression and Consequence,Mro,Santal,0.020208192779447076,Mistral
Moral Transgression and Consequence,Mro,Tripura,0.011857887978391934,Mistral
Moral Transgression and Consequence,Oraon (Kurukh),Rakhine,0.01462973110604282,Mistral
Moral Transgression and Consequence,Oraon (Kurukh),Santal,0.012875730771768512,Mistral
Moral Transgression and Consequence,Oraon (Kurukh),Tripura,0.011206499451525853,Mistral
Moral Transgression and Consequence,Rakhine,Santal,0.016765938069086106,Mistral
Moral Transgression and Consequence,Rakhine,Tripura,0.01665542989812896,Mistral
Moral Transgression and Consequence,Santal,Tripura,0.01572848616874789,Mistral
Origin Story,Bengali,Chakma,0.01976648210432619,Mistral
Origin Story,Bengali,Garo (Mandi),0.01943415037668339,Mistral
Origin Story,Bengali,Hajong,0.02000956858382641,Mistral
Origin Story,Bengali,Khasi,0.01962466791499129,Mistral
Origin Story,Bengali,Manipuri (Meitei),0.020357774112550353,Mistral
Origin Story,Bengali,Marma,0.022292068021585787,Mistral
Origin Story,Bengali,Mro,0.02028650912932395,Mistral
Origin Story,Bengali,Oraon (Kurukh),0.021157572885319054,Mistral
Origin Story,Bengali,Rakhine,0.02234391961083526,Mistral
Origin Story,Bengali,Santal,0.016631862557831445,Mistral
Origin Story,Bengali,Tripura,0.018246548936920348,Mistral
Origin Story,Chakma,Garo (Mandi),0.011920939812811837,Mistral
Origin Story,Chakma,Hajong,0.017154258780676446,Mistral
Origin Story,Chakma,Khasi,0.013432064940706812,Mistral
Origin Story,Chakma,Manipuri (Meitei),0.020438533983025087,Mistral
Origin Story,Chakma,Marma,0.01625748673353211,Mistral
Origin Story,Chakma,Mro,0.011076281832613888,Mistral
Origin Story,Chakma,Oraon (Kurukh),0.020520033543591665,Mistral
Origin Story,Chakma,Rakhine,0.020922607323301534,Mistral
Origin Story,Chakma,Santal,0.017088284462808856,Mistral
Origin Story,Chakma,Tripura,0.015535689916217121,Mistral
Origin Story,Garo (Mandi),Hajong,0.01782006179935025,Mistral
Origin Story,Garo (Mandi),Khasi,0.016491027974469996,Mistral
Origin Story,Garo (Mandi),Manipuri (Meitei),0.019492785017230063,Mistral
Origin Story,Garo (Mandi),Marma,0.015021539433258235,Mistral
Origin Story,Garo (Mandi),Mro,0.012848269799575762,Mistral
Origin Story,Garo (Mandi),Oraon (Kurukh),0.020235563455233474,Mistral
Origin Story,Garo (Mandi),Rakhine,0.02176434295224028,Mistral
Origin Story,Garo (Mandi),Santal,0.014833917302156885,Mistral
Origin Story,Garo (Mandi),Tripura,0.015410398304390838,Mistral
Origin Story,Hajong,Khasi,0.01730808741323364,Mistral
Origin Story,Hajong,Manipuri (Meitei),0.02396622651428737,Mistral
Origin Story,Hajong,Marma,0.021825348064290262,Mistral
Origin Story,Hajong,Mro,0.016220012296823128,Mistral
Origin Story,Hajong,Oraon (Kurukh),0.02092961112028624,Mistral
Origin Story,Hajong,Rakhine,0.02745089527077016,Mistral
Origin Story,Hajong,Santal,0.017663964321608883,Mistral
Origin Story,Hajong,Tripura,0.023769249330371056,Mistral
Origin Story,Khasi,Manipuri (Meitei),0.018652356379280866,Mistral
Origin Story,Khasi,Marma,0.01800172209576123,Mistral
Origin Story,Khasi,Mro,0.0148706022549705,Mistral
Origin Story,Khasi,Oraon (Kurukh),0.01950383143591672,Mistral
Origin Story,Khasi,Rakhine,0.022732756137210264,Mistral
Origin Story,Khasi,Santal,0.01831060997692191,Mistral
Origin Story,Khasi,Tripura,0.01674060247720155,Mistral
Origin Story,Manipuri (Meitei),Marma,0.019576545724791283,Mistral
Origin Story,Manipuri (Meitei),Mro,0.019235191013705744,Mistral
Origin Story,Manipuri (Meitei),Oraon (Kurukh),0.02797929841271296,Mistral
Origin Story,Manipuri (Meitei),Rakhine,0.023523450780669197,Mistral
Origin Story,Manipuri (Meitei),Santal,0.022493532950073503,Mistral
Origin Story,Manipuri (Meitei),Tripura,0.02312309375574706,Mistral
Origin Story,Marma,Mro,0.014536917006045313,Mistral
Origin Story,Marma,Oraon (Kurukh),0.02319999410535989,Mistral
Origin Story,Marma,Rakhine,0.02710340689522417,Mistral
Origin Story,Marma,Santal,0.017642241834858408,Mistral
Origin Story,Marma,Tripura,0.01912984055967526,Mistral
Origin Story,Mro,Oraon (Kurukh),0.017697234033260623,Mistral
Origin Story,Mro,Rakhine,0.024853557824410233,Mistral
Origin Story,Mro,Santal,0.01394721117618447,Mistral
Origin Story,Mro,Tripura,0.017429241179855448,Mistral
Origin Story,Oraon (Kurukh),Rakhine,0.029528571478623533,Mistral
Origin Story,Oraon (Kurukh),Santal,0.013952970664339093,Mistral
Origin Story,Oraon (Kurukh),Tripura,0.024644878113741386,Mistral
Origin Story,Rakhine,Santal,0.02661177161195938,Mistral
Origin Story,Rakhine,Tripura,0.024205628944392155,Mistral
Origin Story,Santal,Tripura,0.018617727696664366,Mistral
Rite of Passage,Bengali,Chakma,0.0251760973520041,Mistral
Rite of Passage,Bengali,Garo (Mandi),0.021442951317372283,Mistral
Rite of Passage,Bengali,Hajong,0.021275349295699297,Mistral
Rite of Passage,Bengali,Khasi,0.02573747075236099,Mistral
Rite of Passage,Bengali,Manipuri (Meitei),0.02872674525937091,Mistral
Rite of Passage,Bengali,Marma,0.027618936043043663,Mistral
Rite of Passage,Bengali,Mro,0.023830737305295835,Mistral
Rite of Passage,Bengali,Oraon (Kurukh),0.023088610918409636,Mistral
Rite of Passage,Bengali,Rakhine,0.023786554308254493,Mistral
Rite of Passage,Bengali,Santal,0.023638373855314865,Mistral
Rite of Passage,Bengali,Tripura,0.023596949009278334,Mistral
Rite of Passage,Chakma,Garo (Mandi),0.013534530528595323,Mistral
Rite of Passage,Chakma,Hajong,0.022552259755457493,Mistral
Rite of Passage,Chakma,Khasi,0.019421591344790712,Mistral
Rite of Passage,Chakma,Manipuri (Meitei),0.032178655663015254,Mistral
Rite of Passage,Chakma,Marma,0.015662881695768016,Mistral
Rite of Passage,Chakma,Mro,0.015194721673990497,Mistral
Rite of Passage,Chakma,Oraon (Kurukh),0.018837640470337202,Mistral
Rite of Passage,Chakma,Rakhine,0.027644327656784262,Mistral
Rite of Passage,Chakma,Santal,0.017128781323722198,Mistral
Rite of Passage,Chakma,Tripura,0.016917318783781665,Mistral
Rite of Passage,Garo (Mandi),Hajong,0.020170155069656137,Mistral
Rite of Passage,Garo (Mandi),Khasi,0.017164048556840727,Mistral
Rite of Passage,Garo (Mandi),Manipuri (Meitei),0.026891133133222445,Mistral
Rite of Passage,Garo (Mandi),Marma,0.015698919937100597,Mistral
Rite of Passage,Garo (Mandi),Mro,0.015457925297135633,Mistral
Rite of Passage,Garo (Mandi),Oraon (Kurukh),0.018032715299952207,Mistral
Rite of Passage,Garo (Mandi),Rakhine,0.025273763546374783,Mistral
Rite of Passage,Garo (Mandi),Santal,0.015965476516462518,Mistral
Rite of Passage,Garo (Mandi),Tripura,0.016651058805454255,Mistral
Rite of Passage,Hajong,Khasi,0.019565322402336327,Mistral
Rite of Passage,Hajong,Manipuri (Meitei),0.027664606749679632,Mistral
Rite of Passage,Hajong,Marma,0.024813433738254398,Mistral
Rite of Passage,Hajong,Mro,0.022913664185978844,Mistral
Rite of Passage,Hajong,Oraon (Kurukh),0.017836124971023493,Mistral
Rite of Passage,Hajong,Rakhine,0.02633567374328316,Mistral
Rite of Passage,Hajong,Santal,0.02189763724510596,Mistral
Rite of Passage,Hajong,Tripura,0.021082587002437148,Mistral
Rite of Passage,Khasi,Manipuri (Meitei),0.02430733873291857,Mistral
Rite of Passage,Khasi,Marma,0.020316395929711017,Mistral
Rite of Passage,Khasi,Mro,0.021426832662393425,Mistral
Rite of Passage,Khasi,Oraon (Kurukh),0.020657690948062024,Mistral
Rite of Passage,Khasi,Rakhine,0.024187900536104423,Mistral
Rite of Passage,Khasi,Santal,0.019712624107583232,Mistral
Rite of Passage,Khasi,Tripura,0.01887785792022101,Mistral
Rite of Passage,Manipuri (Meitei),Marma,0.028378009000519233,Mistral
Rite of Passage,Manipuri (Meitei),Mro,0.03262376568362102,Mistral
Rite of Passage,Manipuri (Meitei),Oraon (Kurukh),0.029121699144988744,Mistral
Rite of Passage,Manipuri (Meitei),Rakhine,0.02511022297969223,Mistral
Rite of Passage,Manipuri (Meitei),Santal,0.029675336895166993,Mistral
Rite of Passage,Manipuri (Meitei),Tripura,0.02455821195195218,Mistral
Rite of Passage,Marma,Mro,0.018547542953936902,Mistral
Rite of Passage,Marma,Oraon (Kurukh),0.020899678712472336,Mistral
Rite of Passage,Marma,Rakhine,0.022836694279116054,Mistral
Rite of Passage,Marma,Santal,0.01806534054718456,Mistral
Rite of Passage,Marma,Tripura,0.019904854552628692,Mistral
Rite of Passage,Mro,Oraon (Kurukh),0.01580698495723032,Mistral
Rite of Passage,Mro,Rakhine,0.030114127292705017,Mistral
Rite of Passage,Mro,Santal,0.014784631786099456,Mistral
Rite of Passage,Mro,Tripura,0.02137380127051558,Mistral
Rite of Passage,Oraon (Kurukh),Rakhine,0.027004848015154015,Mistral
Rite of Passage,Oraon (Kurukh),Santal,0.01507169936961783,Mistral
Rite of Passage,Oraon (Kurukh),Tripura,0.022522132089866975,Mistral
Rite of Passage,Rakhine,Santal,0.027064457544940912,Mistral
Rite of Passage,Rakhine,Tripura,0.02226229731694096,Mistral
Rite of Passage,Santal,Tripura,0.01914335230379338,Mistral
Sacred or Forbidden Space,Bengali,Chakma,0.020497557853804582,Mistral
Sacred or Forbidden Space,Bengali,Garo (Mandi),0.019141432981808926,Mistral
Sacred or Forbidden Space,Bengali,Hajong,0.01994022941962703,Mistral
Sacred or Forbidden Space,Bengali,Khasi,0.02513810812921735,Mistral
Sacred or Forbidden Space,Bengali,Manipuri (Meitei),0.021154749204469026,Mistral
Sacred or Forbidden Space,Bengali,Marma,0.02380470260508427,Mistral
Sacred or Forbidden Space,Bengali,Mro,0.020915948614599666,Mistral
Sacred or Forbidden Space,Bengali,Oraon (Kurukh),0.02352652991058579,Mistral
Sacred or Forbidden Space,Bengali,Rakhine,0.01809232018305651,Mistral
Sacred or Forbidden Space,Bengali,Santal,0.01966981898677389,Mistral
Sacred or Forbidden Space,Bengali,Tripura,0.026689581759908987,Mistral
Sacred or Forbidden Space,Chakma,Garo (Mandi),0.014678406766049035,Mistral
Sacred or Forbidden Space,Chakma,Hajong,0.01650194706507946,Mistral
Sacred or Forbidden Space,Chakma,Khasi,0.016861569885228578,Mistral
Sacred or Forbidden Space,Chakma,Manipuri (Meitei),0.021344198526119684,Mistral
Sacred or Forbidden Space,Chakma,Marma,0.016937419984340063,Mistral
Sacred or Forbidden Space,Chakma,Mro,0.010374814519314546,Mistral
Sacred or Forbidden Space,Chakma,Oraon (Kurukh),0.014697520763678695,Mistral
Sacred or Forbidden Space,Chakma,Rakhine,0.013848949675202005,Mistral
Sacred or Forbidden Space,Chakma,Santal,0.015637277052201304,Mistral
Sacred or Forbidden Space,Chakma,Tripura,0.015713212512509456,Mistral
Sacred or Forbidden Space,Garo (Mandi),Hajong,0.012354064149697974,Mistral
Sacred or Forbidden Space,Garo (Mandi),Khasi,0.016248731865352806,Mistral
Sacred or Forbidden Space,Garo (Mandi),Manipuri (Meitei),0.018908379864324587,Mistral
Sacred or Forbidden Space,Garo (Mandi),Marma,0.02033470898770151,Mistral
Sacred or Forbidden Space,Garo (Mandi),Mro,0.014718579816609512,Mistral
Sacred or Forbidden Space,Garo (Mandi),Oraon (Kurukh),0.01574699914862565,Mistral
Sacred or Forbidden Space,Garo (Mandi),Rakhine,0.014184033900135007,Mistral
Sacred or Forbidden Space,Garo (Mandi),Santal,0.014290333227626184,Mistral
Sacred or Forbidden Space,Garo (Mandi),Tripura,0.017546161990153353,Mistral
Sacred or Forbidden Space,Hajong,Khasi,0.01449154990487389,Mistral
Sacred or Forbidden Space,Hajong,Manipuri (Meitei),0.020500650287847866,Mistral
Sacred or Forbidden Space,Hajong,Marma,0.01926672599756374,Mistral
Sacred or Forbidden Space,Hajong,Mro,0.013960386302097172,Mistral
Sacred or Forbidden Space,Hajong,Oraon (Kurukh),0.015975954695509498,Mistral
Sacred or Forbidden Space,Hajong,Rakhine,0.012480683401084436,Mistral
Sacred or Forbidden Space,Hajong,Santal,0.013846714277483851,Mistral
Sacred or Forbidden Space,Hajong,Tripura,0.015876196850664326,Mistral
Sacred or Forbidden Space,Khasi,Manipuri (Meitei),0.02126606511171958,Mistral
Sacred or Forbidden Space,Khasi,Marma,0.018645062091307563,Mistral
Sacred or Forbidden Space,Khasi,Mro,0.015466042897968602,Mistral
Sacred or Forbidden Space,Khasi,Oraon (Kurukh),0.01479897499168703,Mistral
Sacred or Forbidden Space,Khasi,Rakhine,0.016293282667594666,Mistral
Sacred or Forbidden Space,Khasi,Santal,0.015386509724866437,Mistral
Sacred or Forbidden Space,Khasi,Tripura,0.01485858155975639,Mistral
Sacred or Forbidden Space,Manipuri (Meitei),Marma,0.021672916217386762,Mistral
Sacred or Forbidden Space,Manipuri (Meitei),Mro,0.021814599196043227,Mistral
Sacred or Forbidden Space,Manipuri (Meitei),Oraon (Kurukh),0.022279039638822162,Mistral
Sacred or Forbidden Space,Manipuri (Meitei),Rakhine,0.01522607185608782,Mistral
Sacred or Forbidden Space,Manipuri (Meitei),Santal,0.02018799289141604,Mistral
Sacred or Forbidden Space,Manipuri (Meitei),Tripura,0.020485412823339377,Mistral
Sacred or Forbidden Space,Marma,Mro,0.013720352114660384,Mistral
Sacred or Forbidden Space,Marma,Oraon (Kurukh),0.017754341368071858,Mistral
Sacred or Forbidden Space,Marma,Rakhine,0.017886761990125177,Mistral
Sacred or Forbidden Space,Marma,Santal,0.020978127143283953,Mistral
Sacred or Forbidden Space,Marma,Tripura,0.020372225942114408,Mistral
Sacred or Forbidden Space,Mro,Oraon (Kurukh),0.014147268268938973,Mistral
Sacred or Forbidden Space,Mro,Rakhine,0.012615030896697244,Mistral
Sacred or Forbidden Space,Mro,Santal,0.016214393060494436,Mistral
Sacred or Forbidden Space,Mro,Tripura,0.015940122568789294,Mistral
Sacred or Forbidden Space,Oraon (Kurukh),Rakhine,0.018997052050626295,Mistral
Sacred or Forbidden Space,Oraon (Kurukh),Santal,0.013798886154048451,Mistral
Sacred or Forbidden Space,Oraon (Kurukh),Tripura,0.014280124804236904,Mistral
Sacred or Forbidden Space,Rakhine,Santal,0.01404843620019458,Mistral
Sacred or Forbidden Space,Rakhine,Tripura,0.018029697753444207,Mistral
Sacred or Forbidden Space,Santal,Tripura,0.01638209406883695,Mistral
Trickster or Clever Figure,Bengali,Chakma,0.019179677879246015,Mistral
Trickster or Clever Figure,Bengali,Garo (Mandi),0.02007855628095312,Mistral
Trickster or Clever Figure,Bengali,Hajong,0.017393105050248492,Mistral
Trickster or Clever Figure,Bengali,Khasi,0.02092937456607269,Mistral
Trickster or Clever Figure,Bengali,Manipuri (Meitei),0.02093769989447558,Mistral
Trickster or Clever Figure,Bengali,Marma,0.01680743691789255,Mistral
Trickster or Clever Figure,Bengali,Mro,0.016680837850538532,Mistral
Trickster or Clever Figure,Bengali,Oraon (Kurukh),0.013898280015459119,Mistral
Trickster or Clever Figure,Bengali,Rakhine,0.021543942436894614,Mistral
Trickster or Clever Figure,Bengali,Santal,0.01683416282559702,Mistral
Trickster or Clever Figure,Bengali,Tripura,0.01552033629360583,Mistral
Trickster or Clever Figure,Chakma,Garo (Mandi),0.014860989203662633,Mistral
Trickster or Clever Figure,Chakma,Hajong,0.018507035409850436,Mistral
Trickster or Clever Figure,Chakma,Khasi,0.017354947031587242,Mistral
Trickster or Clever Figure,Chakma,Manipuri (Meitei),0.023800343810896574,Mistral
Trickster or Clever Figure,Chakma,Marma,0.016599686189813667,Mistral
Trickster or Clever Figure,Chakma,Mro,0.016442108783126907,Mistral
Trickster or Clever Figure,Chakma,Oraon (Kurukh),0.01638252356924408,Mistral
Trickster or Clever Figure,Chakma,Rakhine,0.02081257133665715,Mistral
Trickster or Clever Figure,Chakma,Santal,0.01828743828304724,Mistral
Trickster or Clever Figure,Chakma,Tripura,0.010165328279780561,Mistral
Trickster or Clever Figure,Garo (Mandi),Hajong,0.015652010403617633,Mistral
Trickster or Clever Figure,Garo (Mandi),Khasi,0.01635997002507894,Mistral
Trickster or Clever Figure,Garo (Mandi),Manipuri (Meitei),0.018445332992722663,Mistral
Trickster or Clever Figure,Garo (Mandi),Marma,0.01195744729022541,Mistral
Trickster or Clever Figure,Garo (Mandi),Mro,0.013463631774810358,Mistral
Trickster or Clever Figure,Garo (Mandi),Oraon (Kurukh),0.014831728712547787,Mistral
Trickster or Clever Figure,Garo (Mandi),Rakhine,0.01883164496969225,Mistral
Trickster or Clever Figure,Garo (Mandi),Santal,0.017559731616994534,Mistral
Trickster or Clever Figure,Garo (Mandi),Tripura,0.012311228874042124,Mistral
Trickster or Clever Figure,Hajong,Khasi,0.018544847478078497,Mistral
Trickster or Clever Figure,Hajong,Manipuri (Meitei),0.013979951605084473,Mistral
Trickster or Clever Figure,Hajong,Marma,0.015956901862719475,Mistral
Trickster or Clever Figure,Hajong,Mro,0.015301986093209097,Mistral
Trickster or Clever Figure,Hajong,Oraon (Kurukh),0.012614488912774946,Mistral
Trickster or Clever Figure,Hajong,Rakhine,0.016224536032178327,Mistral
Trickster or Clever Figure,Hajong,Santal,0.014244399282808629,Mistral
Trickster or Clever Figure,Hajong,Tripura,0.012281385903274655,Mistral
Trickster or Clever Figure,Khasi,Manipuri (Meitei),0.02333519388908767,Mistral
Trickster or Clever Figure,Khasi,Marma,0.019097426636871084,Mistral
Trickster or Clever Figure,Khasi,Mro,0.017187322547738138,Mistral
Trickster or Clever Figure,Khasi,Oraon (Kurukh),0.01556615555051477,Mistral
Trickster or Clever Figure,Khasi,Rakhine,0.024065642892831418,Mistral
Trickster or Clever Figure,Khasi,Santal,0.017154099478906004,Mistral
Trickster or Clever Figure,Khasi,Tripura,0.014479091094680263,Mistral
Trickster or Clever Figure,Manipuri (Meitei),Marma,0.0182175912056306,Mistral
Trickster or Clever Figure,Manipuri (Meitei),Mro,0.018534820045986722,Mistral
Trickster or Clever Figure,Manipuri (Meitei),Oraon (Kurukh),0.018909093801175114,Mistral
Trickster or Clever Figure,Manipuri (Meitei),Rakhine,0.0166794290410337,Mistral
Trickster or Clever Figure,Manipuri (Meitei),Santal,0.017873527102789,Mistral
Trickster or Clever Figure,Manipuri (Meitei),Tripura,0.01776069359942145,Mistral
Trickster or Clever Figure,Marma,Mro,0.010273657586198803,Mistral
Trickster or Clever Figure,Marma,Oraon (Kurukh),0.01429853535823411,Mistral
Trickster or Clever Figure,Marma,Rakhine,0.01869102014484081,Mistral
Trickster or Clever Figure,Marma,Santal,0.01644473749698039,Mistral
Trickster or Clever Figure,Marma,Tripura,0.013163233723512358,Mistral
Trickster or Clever Figure,Mro,Oraon (Kurukh),0.015854187023835897,Mistral
Trickster or Clever Figure,Mro,Rakhine,0.015618953251430145,Mistral
Trickster or Clever Figure,Mro,Santal,0.016936251920371403,Mistral
Trickster or Clever Figure,Mro,Tripura,0.013295619539719361,Mistral
Trickster or Clever Figure,Oraon (Kurukh),Rakhine,0.022118887308194113,Mistral
Trickster or Clever Figure,Oraon (Kurukh),Santal,0.012796676170512833,Mistral
Trickster or Clever Figure,Oraon (Kurukh),Tripura,0.011470542553246421,Mistral
Trickster or Clever Figure,Rakhine,Santal,0.02066853829368298,Mistral
Trickster or Clever Figure,Rakhine,Tripura,0.017934091853709866,Mistral
Trickster or Clever Figure,Santal,Tripura,0.012727665577558889,Mistral
Wisdom of an Elder,Bengali,Chakma,0.019054925862360017,Mistral
Wisdom of an Elder,Bengali,Garo (Mandi),0.02050087736665618,Mistral
Wisdom of an Elder,Bengali,Hajong,0.016532652908104017,Mistral
Wisdom of an Elder,Bengali,Khasi,0.025732817199224378,Mistral
Wisdom of an Elder,Bengali,Manipuri (Meitei),0.017641136309995087,Mistral
Wisdom of an Elder,Bengali,Marma,0.019272745230075605,Mistral
Wisdom of an Elder,Bengali,Mro,0.02274653190444531,Mistral
Wisdom of an Elder,Bengali,Oraon (Kurukh),0.023142424895338687,Mistral
Wisdom of an Elder,Bengali,Rakhine,0.024561135173657322,Mistral
Wisdom of an Elder,Bengali,Santal,0.020580296369247852,Mistral
Wisdom of an Elder,Bengali,Tripura,0.016625857246302056,Mistral
Wisdom of an Elder,Chakma,Garo (Mandi),0.016146641208680257,Mistral
Wisdom of an Elder,Chakma,Hajong,0.01865814660686249,Mistral
Wisdom of an Elder,Chakma,Khasi,0.021522719917980493,Mistral
Wisdom of an Elder,Chakma,Manipuri (Meitei),0.020770063248545356,Mistral
Wisdom of an Elder,Chakma,Marma,0.014241283284914807,Mistral
Wisdom of an Elder,Chakma,Mro,0.016955037934775152,Mistral
Wisdom of an Elder,Chakma,Oraon (Kurukh),0.01666919111394316,Mistral
Wisdom of an Elder,Chakma,Rakhine,0.036013244071431694,Mistral
Wisdom of an Elder,Chakma,Santal,0.01891354077885876,Mistral
Wisdom of an Elder,Chakma,Tripura,0.014153718049545905,Mistral
Wisdom of an Elder,Garo (Mandi),Hajong,0.016639213528301555,Mistral
Wisdom of an Elder,Garo (Mandi),Khasi,0.015131868117262415,Mistral
Wisdom of an Elder,Garo (Mandi),Manipuri (Meitei),0.017199956264068228,Mistral
Wisdom of an Elder,Garo (Mandi),Marma,0.011673070750851333,Mistral
Wisdom of an Elder,Garo (Mandi),Mro,0.013179088930891703,Mistral
Wisdom of an Elder,Garo (Mandi),Oraon (Kurukh),0.014026199834758057,Mistral
Wisdom of an Elder,Garo (Mandi),Rakhine,0.03398684928509921,Mistral
Wisdom of an Elder,Garo (Mandi),Santal,0.013676676852525826,Mistral
Wisdom of an Elder,Garo (Mandi),Tripura,0.014751125242069785,Mistral
Wisdom of an Elder,Hajong,Khasi,0.018365531282782066,Mistral
Wisdom of an Elder,Hajong,Manipuri (Meitei),0.016108801689951435,Mistral
Wisdom of an Elder,Hajong,Marma,0.01631057676007075,Mistral
Wisdom of an Elder,Hajong,Mro,0.021105399467317043,Mistral
Wisdom of an Elder,Hajong,Oraon (Kurukh),0.016014341571737978,Mistral
Wisdom of an Elder,Hajong,Rakhine,0.031166084791959592,Mistral
Wisdom of an Elder,Hajong,Santal,0.014542127827188112,Mistral
Wisdom of an Elder,Hajong,Tripura,0.016068043231775908,Mistral
Wisdom of an Elder,Khasi,Manipuri (Meitei),0.0196506051517239,Mistral
Wisdom of an Elder,Khasi,Marma,0.01500367295008953,Mistral
Wisdom of an Elder,Khasi,Mro,0.01623697315681205,Mistral
Wisdom of an Elder,Khasi,Oraon (Kurukh),0.01899352632194773,Mistral
Wisdom of an Elder,Khasi,Rakhine,0.03903461713732037,Mistral
Wisdom of an Elder,Khasi,Santal,0.019450208038240602,Mistral
Wisdom of an Elder,Khasi,Tripura,0.01976999586454098,Mistral
Wisdom of an Elder,Manipuri (Meitei),Marma,0.01821025913726282,Mistral
Wisdom of an Elder,Manipuri (Meitei),Mro,0.021790734643714726,Mistral
Wisdom of an Elder,Manipuri (Meitei),Oraon (Kurukh),0.02035761246702461,Mistral
Wisdom of an Elder,Manipuri (Meitei),Rakhine,0.02607468633270127,Mistral
Wisdom of an Elder,Manipuri (Meitei),Santal,0.015335928821883171,Mistral
Wisdom of an Elder,Manipuri (Meitei),Tripura,0.019323226879614963,Mistral
Wisdom of an Elder,Marma,Mro,0.012360803994559855,Mistral
Wisdom of an Elder,Marma,Oraon (Kurukh),0.013754715677187002,Mistral
Wisdom of an Elder,Marma,Rakhine,0.03186455483448791,Mistral
Wisdom of an Elder,Marma,Santal,0.013799656146605166,Mistral
Wisdom of an Elder,Marma,Tripura,0.01158141429448678,Mistral
Wisdom of an Elder,Mro,Oraon (Kurukh),0.01850502365650364,Mistral
Wisdom of an Elder,Mro,Rakhine,0.030302446949525663,Mistral
Wisdom of an Elder,Mro,Santal,0.018649453134786165,Mistral
Wisdom of an Elder,Mro,Tripura,0.014942158943755723,Mistral
Wisdom of an Elder,Oraon (Kurukh),Rakhine,0.03206799349086975,Mistral
Wisdom of an Elder,Oraon (Kurukh),Santal,0.010384415816082404,Mistral
Wisdom of an Elder,Oraon (Kurukh),Tripura,0.01534269475977812,Mistral
Wisdom of an Elder,Rakhine,Santal,0.029496188485174546,Mistral
Wisdom of an Elder,Rakhine,Tripura,0.03168542730749557,Mistral
Wisdom of an Elder,Santal,Tripura,0.015391025825340021,Mistral
Change and Continuity,Bengali,Chakma,0.09164354638336192,OpenAI-Small
Change and Continuity,Bengali,Garo (Mandi),0.10209858930562543,OpenAI-Small
Change and Continuity,Bengali,Hajong,0.07408389861823794,OpenAI-Small
Change and Continuity,Bengali,Khasi,0.10530980207774321,OpenAI-Small
Change and Continuity,Bengali,Manipuri (Meitei),0.08186800402571803,OpenAI-Small
Change and Continuity,Bengali,Marma,0.08201554629158092,OpenAI-Small
Change and Continuity,Bengali,Mro,0.11465505057023317,OpenAI-Small
Change and Continuity,Bengali,Oraon (Kurukh),0.08874835006536042,OpenAI-Small
Change and Continuity,Bengali,Rakhine,0.08601442442719742,OpenAI-Small
Change and Continuity,Bengali,Santal,0.09713057477992426,OpenAI-Small
Change and Continuity,Bengali,Tripura,0.10972245396552027,OpenAI-Small
Change and Continuity,Chakma,Garo (Mandi),0.06140183436977398,OpenAI-Small
Change and Continuity,Chakma,Hajong,0.06184043813281781,OpenAI-Small
Change and Continuity,Chakma,Khasi,0.07359256585618956,OpenAI-Small
Change and Continuity,Chakma,Manipuri (Meitei),0.0757368166287411,OpenAI-Small
Change and Continuity,Chakma,Marma,0.09853969541497709,OpenAI-Small
Change and Continuity,Chakma,Mro,0.070299696031766,OpenAI-Small
Change and Continuity,Chakma,Oraon (Kurukh),0.07189193957115114,OpenAI-Small
Change and Continuity,Chakma,Rakhine,0.06267475218505003,OpenAI-Small
Change and Continuity,Chakma,Santal,0.07500176442269513,OpenAI-Small
Change and Continuity,Chakma,Tripura,0.0648417175493915,OpenAI-Small
Change and Continuity,Garo (Mandi),Hajong,0.056008571856003164,OpenAI-Small
Change and Continuity,Garo (Mandi),Khasi,0.068122494388279,OpenAI-Small
Change and Continuity,Garo (Mandi),Manipuri (Meitei),0.07338897508389741,OpenAI-Small
Change and Continuity,Garo (Mandi),Marma,0.120740896213823,OpenAI-Small
Change and Continuity,Garo (Mandi),Mro,0.05983587641323751,OpenAI-Small
Change and Continuity,Garo (Mandi),Oraon (Kurukh),0.07385799249832237,OpenAI-Small
Change and Continuity,Garo (Mandi),Rakhine,0.064625847954081,OpenAI-Small
Change and Continuity,Garo (Mandi),Santal,0.06372788565859289,OpenAI-Small
Change and Continuity,Garo (Mandi),Tripura,0.06177696432087154,OpenAI-Small
Change and Continuity,Hajong,Khasi,0.07454035049950103,OpenAI-Small
Change and Continuity,Hajong,Manipuri (Meitei),0.06268882693512967,OpenAI-Small
Change and Continuity,Hajong,Marma,0.09757762975074102,OpenAI-Small
Change and Continuity,Hajong,Mro,0.06594310383754887,OpenAI-Small
Change and Continuity,Hajong,Oraon (Kurukh),0.0690904640310942,OpenAI-Small
Change and Continuity,Hajong,Rakhine,0.055204256841381416,OpenAI-Small
Change and Continuity,Hajong,Santal,0.059565777869475034,OpenAI-Small
Change and Continuity,Hajong,Tripura,0.08125309783221168,OpenAI-Small
Change and Continuity,Khasi,Manipuri (Meitei),0.07966936408688119,OpenAI-Small
Change and Continuity,Khasi,Marma,0.13652517748023296,OpenAI-Small
Change and Continuity,Khasi,Mro,0.07043993812281013,OpenAI-Small
Change and Continuity,Khasi,Oraon (Kurukh),0.06992285097415474,OpenAI-Small
Change and Continuity,Khasi,Rakhine,0.07712866030409993,OpenAI-Small
Change and Continuity,Khasi,Santal,0.07452810954449296,OpenAI-Small
Change and Continuity,Khasi,Tripura,0.06864033223594612,OpenAI-Small
Change and Continuity,Manipuri (Meitei),Marma,0.08509386412037734,OpenAI-Small
Change and Continuity,Manipuri (Meitei),Mro,0.08132031824524633,OpenAI-Small
Change and Continuity,Manipuri (Meitei),Oraon (Kurukh),0.06747625941024005,OpenAI-Small
Change and Continuity,Manipuri (Meitei),Rakhine,0.06006308468137478,OpenAI-Small
Change and Continuity,Manipuri (Meitei),Santal,0.07400463770081378,OpenAI-Small
Change and Continuity,Manipuri (Meitei),Tripura,0.0859285526235255,OpenAI-Small
Change and Continuity,Marma,Mro,0.12387502043979215,OpenAI-Small
Change and Continuity,Marma,Oraon (Kurukh),0.12121084126364756,OpenAI-Small
Change and Continuity,Marma,Rakhine,0.09791470151123105,OpenAI-Small
Change and Continuity,Marma,Santal,0.1290028945352487,OpenAI-Small
Change and Continuity,Marma,Tripura,0.13580998543056422,OpenAI-Small
Change and Continuity,Mro,Oraon (Kurukh),0.07820222546155453,OpenAI-Small
Change and Continuity,Mro,Rakhine,0.06664586766134928,OpenAI-Small
Change and Continuity,Mro,Santal,0.07071985281651516,OpenAI-Small
Change and Continuity,Mro,Tripura,0.06851557520987883,OpenAI-Small
Change and Continuity,Oraon (Kurukh),Rakhine,0.06986675816619825,OpenAI-Small
Change and Continuity,Oraon (Kurukh),Santal,0.07448168575006997,OpenAI-Small
Change and Continuity,Oraon (Kurukh),Tripura,0.0765205308387037,OpenAI-Small
Change and Continuity,Rakhine,Santal,0.07382339865319543,OpenAI-Small
Change and Continuity,Rakhine,Tripura,0.08662640005995104,OpenAI-Small
Change and Continuity,Santal,Tripura,0.07376978734094775,OpenAI-Small
Community Crisis,Bengali,Chakma,0.06401148082283747,OpenAI-Small
Community Crisis,Bengali,Garo (Mandi),0.06837604836529443,OpenAI-Small
Community Crisis,Bengali,Hajong,0.06908682410060041,OpenAI-Small
Community Crisis,Bengali,Khasi,0.0740184486233062,OpenAI-Small
Community Crisis,Bengali,Manipuri (Meitei),0.06187866107507611,OpenAI-Small
Community Crisis,Bengali,Marma,0.07475018219696095,OpenAI-Small
Community Crisis,Bengali,Mro,0.06676222428054168,OpenAI-Small
Community Crisis,Bengali,Oraon (Kurukh),0.05994017857943568,OpenAI-Small
Community Crisis,Bengali,Rakhine,0.07427850549150461,OpenAI-Small
Community Crisis,Bengali,Santal,0.06182493134950251,OpenAI-Small
Community Crisis,Bengali,Tripura,0.07197205073494628,OpenAI-Small
Community Crisis,Chakma,Garo (Mandi),0.0672277082596654,OpenAI-Small
Community Crisis,Chakma,Hajong,0.06591586463300991,OpenAI-Small
Community Crisis,Chakma,Khasi,0.05643109357149689,OpenAI-Small
Community Crisis,Chakma,Manipuri (Meitei),0.05874746651436269,OpenAI-Small
Community Crisis,Chakma,Marma,0.05836627922153681,OpenAI-Small
Community Crisis,Chakma,Mro,0.05473489772629192,OpenAI-Small
Community Crisis,Chakma,Oraon (Kurukh),0.062496956270662984,OpenAI-Small
Community Crisis,Chakma,Rakhine,0.075989306506967,OpenAI-Small
Community Crisis,Chakma,Santal,0.05983262082852958,OpenAI-Small
Community Crisis,Chakma,Tripura,0.06148080263832256,OpenAI-Small
Community Crisis,Garo (Mandi),Hajong,0.07153839446017451,OpenAI-Small
Community Crisis,Garo (Mandi),Khasi,0.07375984666357926,OpenAI-Small
Community Crisis,Garo (Mandi),Manipuri (Meitei),0.06446820364695416,OpenAI-Small
Community Crisis,Garo (Mandi),Marma,0.056435161591779526,OpenAI-Small
Community Crisis,Garo (Mandi),Mro,0.06960720541111776,OpenAI-Small
Community Crisis,Garo (Mandi),Oraon (Kurukh),0.07110665433720775,OpenAI-Small
Community Crisis,Garo (Mandi),Rakhine,0.07405895778314964,OpenAI-Small
Community Crisis,Garo (Mandi),Santal,0.0694205037548673,OpenAI-Small
Community Crisis,Garo (Mandi),Tripura,0.08063431732127901,OpenAI-Small
Community Crisis,Hajong,Khasi,0.06122419535348367,OpenAI-Small
Community Crisis,Hajong,Manipuri (Meitei),0.06758776241752396,OpenAI-Small
Community Crisis,Hajong,Marma,0.06792167710766517,OpenAI-Small
Community Crisis,Hajong,Mro,0.07500239155832511,OpenAI-Small
Community Crisis,Hajong,Oraon (Kurukh),0.06556168090339543,OpenAI-Small
Community Crisis,Hajong,Rakhine,0.0692742054604244,OpenAI-Small
Community Crisis,Hajong,Santal,0.07009034284843707,OpenAI-Small
Community Crisis,Hajong,Tripura,0.06072509710548779,OpenAI-Small
Community Crisis,Khasi,Manipuri (Meitei),0.06579203305069037,OpenAI-Small
Community Crisis,Khasi,Marma,0.05720482761377699,OpenAI-Small
Community Crisis,Khasi,Mro,0.06058551124376543,OpenAI-Small
Community Crisis,Khasi,Oraon (Kurukh),0.0694407683139101,OpenAI-Small
Community Crisis,Khasi,Rakhine,0.0826489396229565,OpenAI-Small
Community Crisis,Khasi,Santal,0.06663738316929002,OpenAI-Small
Community Crisis,Khasi,Tripura,0.060244187324138165,OpenAI-Small
Community Crisis,Manipuri (Meitei),Marma,0.07256313319700236,OpenAI-Small
Community Crisis,Manipuri (Meitei),Mro,0.06859739654272456,OpenAI-Small
Community Crisis,Manipuri (Meitei),Oraon (Kurukh),0.06522250239951799,OpenAI-Small
Community Crisis,Manipuri (Meitei),Rakhine,0.06226117541821019,OpenAI-Small
Community Crisis,Manipuri (Meitei),Santal,0.05553280643827585,OpenAI-Small
Community Crisis,Manipuri (Meitei),Tripura,0.06087629472706013,OpenAI-Small
Community Crisis,Marma,Mro,0.06340012154766783,OpenAI-Small
Community Crisis,Marma,Oraon (Kurukh),0.06906961063084183,OpenAI-Small
Community Crisis,Marma,Rakhine,0.08480552807603914,OpenAI-Small
Community Crisis,Marma,Santal,0.0730255584715408,OpenAI-Small
Community Crisis,Marma,Tripura,0.0630932056303386,OpenAI-Small
Community Crisis,Mro,Oraon (Kurukh),0.0684794270098722,OpenAI-Small
Community Crisis,Mro,Rakhine,0.08197046904299499,OpenAI-Small
Community Crisis,Mro,Santal,0.06174525368448358,OpenAI-Small
Community Crisis,Mro,Tripura,0.07199033656100529,OpenAI-Small
Community Crisis,Oraon (Kurukh),Rakhine,0.0697757741165661,OpenAI-Small
Community Crisis,Oraon (Kurukh),Santal,0.06017631988720196,OpenAI-Small
Community Crisis,Oraon (Kurukh),Tripura,0.07286621311158603,OpenAI-Small
Community Crisis,Rakhine,Santal,0.06482973826711957,OpenAI-Small
Community Crisis,Rakhine,Tripura,0.07619544636121967,OpenAI-Small
Community Crisis,Santal,Tripura,0.07174104112766178,OpenAI-Small
Everyday Life Narrative,Bengali,Chakma,0.08608213263071629,OpenAI-Small
Everyday Life Narrative,Bengali,Garo (Mandi),0.08993877651007498,OpenAI-Small
Everyday Life Narrative,Bengali,Hajong,0.07969489962229603,OpenAI-Small
Everyday Life Narrative,Bengali,Khasi,0.09791873098681647,OpenAI-Small
Everyday Life Narrative,Bengali,Manipuri (Meitei),0.08897850068977897,OpenAI-Small
Everyday Life Narrative,Bengali,Marma,0.10277067226908387,OpenAI-Small
Everyday Life Narrative,Bengali,Mro,0.10178840055239669,OpenAI-Small
Everyday Life Narrative,Bengali,Oraon (Kurukh),0.07912856914752697,OpenAI-Small
Everyday Life Narrative,Bengali,Rakhine,0.10709216649765319,OpenAI-Small
Everyday Life Narrative,Bengali,Santal,0.09524575523791712,OpenAI-Small
Everyday Life Narrative,Bengali,Tripura,0.11389315223978191,OpenAI-Small
Everyday Life Narrative,Chakma,Garo (Mandi),0.07197199242976648,OpenAI-Small
Everyday Life Narrative,Chakma,Hajong,0.08177576548574539,OpenAI-Small
Everyday Life Narrative,Chakma,Khasi,0.0880908502069001,OpenAI-Small
Everyday Life Narrative,Chakma,Manipuri (Meitei),0.07114531489470755,OpenAI-Small
Everyday Life Narrative,Chakma,Marma,0.08731954297642308,OpenAI-Small
Everyday Life Narrative,Chakma,Mro,0.08172642531068652,OpenAI-Small
Everyday Life Narrative,Chakma,Oraon (Kurukh),0.0797500384688975,OpenAI-Small
Everyday Life Narrative,Chakma,Rakhine,0.09783132195139466,OpenAI-Small
Everyday Life Narrative,Chakma,Santal,0.0964641079927433,OpenAI-Small
Everyday Life Narrative,Chakma,Tripura,0.09359446964202522,OpenAI-Small
Everyday Life Narrative,Garo (Mandi),Hajong,0.0798868450978828,OpenAI-Small
Everyday Life Narrative,Garo (Mandi),Khasi,0.08191589725161852,OpenAI-Small
Everyday Life Narrative,Garo (Mandi),Manipuri (Meitei),0.06784210015050562,OpenAI-Small
Everyday Life Narrative,Garo (Mandi),Marma,0.07645673088992933,OpenAI-Small
Everyday Life Narrative,Garo (Mandi),Mro,0.0805149869797036,OpenAI-Small
Everyday Life Narrative,Garo (Mandi),Oraon (Kurukh),0.07939540126346434,OpenAI-Small
Everyday Life Narrative,Garo (Mandi),Rakhine,0.08043535719273132,OpenAI-Small
Everyday Life Narrative,Garo (Mandi),Santal,0.0809598119338838,OpenAI-Small
Everyday Life Narrative,Garo (Mandi),Tripura,0.08885032581903451,OpenAI-Small
Everyday Life Narrative,Hajong,Khasi,0.07879680541981782,OpenAI-Small
Everyday Life Narrative,Hajong,Manipuri (Meitei),0.08388761705323156,OpenAI-Small
Everyday Life Narrative,Hajong,Marma,0.0779927514143739,OpenAI-Small
Everyday Life Narrative,Hajong,Mro,0.08621217586572305,OpenAI-Small
Everyday Life Narrative,Hajong,Oraon (Kurukh),0.07966213727984905,OpenAI-Small
Everyday Life Narrative,Hajong,Rakhine,0.09365545692252808,OpenAI-Small
Everyday Life Narrative,Hajong,Santal,0.09843976271994581,OpenAI-Small
Everyday Life Narrative,Hajong,Tripura,0.09823053687698957,OpenAI-Small
Everyday Life Narrative,Khasi,Manipuri (Meitei),0.0749438511418209,OpenAI-Small
Everyday Life Narrative,Khasi,Marma,0.07748369582961212,OpenAI-Small
Everyday Life Narrative,Khasi,Mro,0.07346603178614519,OpenAI-Small
Everyday Life Narrative,Khasi,Oraon (Kurukh),0.08240284615852322,OpenAI-Small
Everyday Life Narrative,Khasi,Rakhine,0.10233978214890527,OpenAI-Small
Everyday Life Narrative,Khasi,Santal,0.08667941954725078,OpenAI-Small
Everyday Life Narrative,Khasi,Tripura,0.08699583819954038,OpenAI-Small
Everyday Life Narrative,Manipuri (Meitei),Marma,0.08306487375590532,OpenAI-Small
Everyday Life Narrative,Manipuri (Meitei),Mro,0.07885495506833506,OpenAI-Small
Everyday Life Narrative,Manipuri (Meitei),Oraon (Kurukh),0.0772914935620368,OpenAI-Small
Everyday Life Narrative,Manipuri (Meitei),Rakhine,0.08601580423779598,OpenAI-Small
Everyday Life Narrative,Manipuri (Meitei),Santal,0.078989559743599,OpenAI-Small
Everyday Life Narrative,Manipuri (Meitei),Tripura,0.08630792266419396,OpenAI-Small
Everyday Life Narrative,Marma,Mro,0.06383862964601406,OpenAI-Small
Everyday Life Narrative,Marma,Oraon (Kurukh),0.06791582714580702,OpenAI-Small
Everyday Life Narrative,Marma,Rakhine,0.0938346723882737,OpenAI-Small
Everyday Life Narrative,Marma,Santal,0.07640809957972627,OpenAI-Small
Everyday Life Narrative,Marma,Tripura,0.05871613170128931,OpenAI-Small
Everyday Life Narrative,Mro,Oraon (Kurukh),0.07405668094000828,OpenAI-Small
Everyday Life Narrative,Mro,Rakhine,0.10403153704361512,OpenAI-Small
Everyday Life Narrative,Mro,Santal,0.07938615366192292,OpenAI-Small
Everyday Life Narrative,Mro,Tripura,0.07547126194985843,OpenAI-Small
Everyday Life Narrative,Oraon (Kurukh),Rakhine,0.10312849184602813,OpenAI-Small
Everyday Life Narrative,Oraon (Kurukh),Santal,0.07950914279498411,OpenAI-Small
Everyday Life Narrative,Oraon (Kurukh),Tripura,0.0859615725256716,OpenAI-Small
Everyday Life Narrative,Rakhine,Santal,0.09692585657598352,OpenAI-Small
Everyday Life Narrative,Rakhine,Tripura,0.10977452873361848,OpenAI-Small
Everyday Life Narrative,Santal,Tripura,0.08986976944640857,OpenAI-Small
Human–Nature Relationship,Bengali,Chakma,0.05895242098722764,OpenAI-Small
Human–Nature Relationship,Bengali,Garo (Mandi),0.04704758944387699,OpenAI-Small
Human–Nature Relationship,Bengali,Hajong,0.05004629411153305,OpenAI-Small
Human–Nature Relationship,Bengali,Khasi,0.085284016146006,OpenAI-Small
Human–Nature Relationship,Bengali,Manipuri (Meitei),0.04986083568929478,OpenAI-Small
Human–Nature Relationship,Bengali,Marma,0.05285034957178181,OpenAI-Small
Human–Nature Relationship,Bengali,Mro,0.059874354332840385,OpenAI-Small
Human–Nature Relationship,Bengali,Oraon (Kurukh),0.06675273737301124,OpenAI-Small
Human–Nature Relationship,Bengali,Rakhine,0.05193914885342532,OpenAI-Small
Human–Nature Relationship,Bengali,Santal,0.051877375118614344,OpenAI-Small
Human–Nature Relationship,Bengali,Tripura,0.06715846841991546,OpenAI-Small
Human–Nature Relationship,Chakma,Garo (Mandi),0.04988239644474857,OpenAI-Small
Human–Nature Relationship,Chakma,Hajong,0.047805082427219925,OpenAI-Small
Human–Nature Relationship,Chakma,Khasi,0.06087974319787648,OpenAI-Small
Human–Nature Relationship,Chakma,Manipuri (Meitei),0.053009964864218384,OpenAI-Small
Human–Nature Relationship,Chakma,Marma,0.048046707408744616,OpenAI-Small
Human–Nature Relationship,Chakma,Mro,0.04496157146731061,OpenAI-Small
Human–Nature Relationship,Chakma,Oraon (Kurukh),0.05458762712228293,OpenAI-Small
Human–Nature Relationship,Chakma,Rakhine,0.05415858417459596,OpenAI-Small
Human–Nature Relationship,Chakma,Santal,0.04989715975130238,OpenAI-Small
Human–Nature Relationship,Chakma,Tripura,0.0509739036554,OpenAI-Small
Human–Nature Relationship,Garo (Mandi),Hajong,0.044517926139329034,OpenAI-Small
Human–Nature Relationship,Garo (Mandi),Khasi,0.06159153419969765,OpenAI-Small
Human–Nature Relationship,Garo (Mandi),Manipuri (Meitei),0.044263057978270126,OpenAI-Small
Human–Nature Relationship,Garo (Mandi),Marma,0.04376750756623282,OpenAI-Small
Human–Nature Relationship,Garo (Mandi),Mro,0.04382737243998769,OpenAI-Small
Human–Nature Relationship,Garo (Mandi),Oraon (Kurukh),0.04707373913771051,OpenAI-Small
Human–Nature Relationship,Garo (Mandi),Rakhine,0.04583526008172745,OpenAI-Small
Human–Nature Relationship,Garo (Mandi),Santal,0.03761311061649519,OpenAI-Small
Human–Nature Relationship,Garo (Mandi),Tripura,0.05800474049639748,OpenAI-Small
Human–Nature Relationship,Hajong,Khasi,0.059709273365718296,OpenAI-Small
Human–Nature Relationship,Hajong,Manipuri (Meitei),0.04369499125475629,OpenAI-Small
Human–Nature Relationship,Hajong,Marma,0.04818473569081749,OpenAI-Small
Human–Nature Relationship,Hajong,Mro,0.04306301248887123,OpenAI-Small
Human–Nature Relationship,Hajong,Oraon (Kurukh),0.04508798489715593,OpenAI-Small
Human–Nature Relationship,Hajong,Rakhine,0.04057831243796273,OpenAI-Small
Human–Nature Relationship,Hajong,Santal,0.04339219224014612,OpenAI-Small
Human–Nature Relationship,Hajong,Tripura,0.05275085603306662,OpenAI-Small
Human–Nature Relationship,Khasi,Manipuri (Meitei),0.07232804093056389,OpenAI-Small
Human–Nature Relationship,Khasi,Marma,0.054704288195144835,OpenAI-Small
Human–Nature Relationship,Khasi,Mro,0.05305926330295441,OpenAI-Small
Human–Nature Relationship,Khasi,Oraon (Kurukh),0.05567077821029531,OpenAI-Small
Human–Nature Relationship,Khasi,Rakhine,0.05670658524411887,OpenAI-Small
Human–Nature Relationship,Khasi,Santal,0.06620123850282089,OpenAI-Small
Human–Nature Relationship,Khasi,Tripura,0.05615445253190254,OpenAI-Small
Human–Nature Relationship,Manipuri (Meitei),Marma,0.046348608676761716,OpenAI-Small
Human–Nature Relationship,Manipuri (Meitei),Mro,0.05096348764969394,OpenAI-Small
Human–Nature Relationship,Manipuri (Meitei),Oraon (Kurukh),0.0513538738821151,OpenAI-Small
Human–Nature Relationship,Manipuri (Meitei),Rakhine,0.04379103585174127,OpenAI-Small
Human–Nature Relationship,Manipuri (Meitei),Santal,0.05120048171787139,OpenAI-Small
Human–Nature Relationship,Manipuri (Meitei),Tripura,0.059900957955423606,OpenAI-Small
Human–Nature Relationship,Marma,Mro,0.04143063013835546,OpenAI-Small
Human–Nature Relationship,Marma,Oraon (Kurukh),0.05812197666560848,OpenAI-Small
Human–Nature Relationship,Marma,Rakhine,0.045385854063291875,OpenAI-Small
Human–Nature Relationship,Marma,Santal,0.05251917468235512,OpenAI-Small
Human–Nature Relationship,Marma,Tripura,0.052787118194437155,OpenAI-Small
Human–Nature Relationship,Mro,Oraon (Kurukh),0.04282430516679547,OpenAI-Small
Human–Nature Relationship,Mro,Rakhine,0.04485651566916571,OpenAI-Small
Human–Nature Relationship,Mro,Santal,0.04309053275769603,OpenAI-Small
Human–Nature Relationship,Mro,Tripura,0.04758803015754476,OpenAI-Small
Human–Nature Relationship,Oraon (Kurukh),Rakhine,0.047533479784719335,OpenAI-Small
Human–Nature Relationship,Oraon (Kurukh),Santal,0.049333698356369915,OpenAI-Small
Human–Nature Relationship,Oraon (Kurukh),Tripura,0.06071546709237985,OpenAI-Small
Human–Nature Relationship,Rakhine,Santal,0.049507621851376915,OpenAI-Small
Human–Nature Relationship,Rakhine,Tripura,0.053830314849401484,OpenAI-Small
Human–Nature Relationship,Santal,Tripura,0.05704407497911068,OpenAI-Small
Moral Transgression and Consequence,Bengali,Chakma,0.07789583586830018,OpenAI-Small
Moral Transgression and Consequence,Bengali,Garo (Mandi),0.08688561388770788,OpenAI-Small
Moral Transgression and Consequence,Bengali,Hajong,0.06870677032614403,OpenAI-Small
Moral Transgression and Consequence,Bengali,Khasi,0.07814410847761488,OpenAI-Small
Moral Transgression and Consequence,Bengali,Manipuri (Meitei),0.08951142948724167,OpenAI-Small
Moral Transgression and Consequence,Bengali,Marma,0.06931961128208763,OpenAI-Small
Moral Transgression and Consequence,Bengali,Mro,0.08576142990552671,OpenAI-Small
Moral Transgression and Consequence,Bengali,Oraon (Kurukh),0.0779503705543636,OpenAI-Small
Moral Transgression and Consequence,Bengali,Rakhine,0.07432051449218102,OpenAI-Small
Moral Transgression and Consequence,Bengali,Santal,0.07745223864739259,OpenAI-Small
Moral Transgression and Consequence,Bengali,Tripura,0.0746684721166796,OpenAI-Small
Moral Transgression and Consequence,Chakma,Garo (Mandi),0.07781186594377432,OpenAI-Small
Moral Transgression and Consequence,Chakma,Hajong,0.0627056619719143,OpenAI-Small
Moral Transgression and Consequence,Chakma,Khasi,0.06893492481724262,OpenAI-Small
Moral Transgression and Consequence,Chakma,Manipuri (Meitei),0.09011160006577801,OpenAI-Small
Moral Transgression and Consequence,Chakma,Marma,0.06280917242705741,OpenAI-Small
Moral Transgression and Consequence,Chakma,Mro,0.08691268356290549,OpenAI-Small
Moral Transgression and Consequence,Chakma,Oraon (Kurukh),0.07556051641223438,OpenAI-Small
Moral Transgression and Consequence,Chakma,Rakhine,0.07512598726266206,OpenAI-Small
Moral Transgression and Consequence,Chakma,Santal,0.07819100484498454,OpenAI-Small
Moral Transgression and Consequence,Chakma,Tripura,0.08005159247166727,OpenAI-Small
Moral Transgression and Consequence,Garo (Mandi),Hajong,0.08371264908058806,OpenAI-Small
Moral Transgression and Consequence,Garo (Mandi),Khasi,0.067933796693609,OpenAI-Small
Moral Transgression and Consequence,Garo (Mandi),Manipuri (Meitei),0.07101039560277356,OpenAI-Small
Moral Transgression and Consequence,Garo (Mandi),Marma,0.0740870699442212,OpenAI-Small
Moral Transgression and Consequence,Garo (Mandi),Mro,0.06423291337170756,OpenAI-Small
Moral Transgression and Consequence,Garo (Mandi),Oraon (Kurukh),0.06899543947479425,OpenAI-Small
Moral Transgression and Consequence,Garo (Mandi),Rakhine,0.07830257264300577,OpenAI-Small
Moral Transgression and Consequence,Garo (Mandi),Santal,0.08090824901286531,OpenAI-Small
Moral Transgression and Consequence,Garo (Mandi),Tripura,0.07107005369345187,OpenAI-Small
Moral Transgression and Consequence,Hajong,Khasi,0.06876010123384302,OpenAI-Small
Moral Transgression and Consequence,Hajong,Manipuri (Meitei),0.07940185268301236,OpenAI-Small
Moral Transgression and Consequence,Hajong,Marma,0.07045233932757844,OpenAI-Small
Moral Transgression and Consequence,Hajong,Mro,0.07314305360234175,OpenAI-Small
Moral Transgression and Consequence,Hajong,Oraon (Kurukh),0.06378449253492757,OpenAI-Small
Moral Transgression and Consequence,Hajong,Rakhine,0.07457964742345646,OpenAI-Small
Moral Transgression and Consequence,Hajong,Santal,0.06364607525758548,OpenAI-Small
Moral Transgression and Consequence,Hajong,Tripura,0.0658374916337201,OpenAI-Small
Moral Transgression and Consequence,Khasi,Manipuri (Meitei),0.08470289315214286,OpenAI-Small
Moral Transgression and Consequence,Khasi,Marma,0.07075634375492368,OpenAI-Small
Moral Transgression and Consequence,Khasi,Mro,0.07011704226670412,OpenAI-Small
Moral Transgression and Consequence,Khasi,Oraon (Kurukh),0.07414197987656679,OpenAI-Small
Moral Transgression and Consequence,Khasi,Rakhine,0.07788451265186214,OpenAI-Small
Moral Transgression and Consequence,Khasi,Santal,0.08313464183366004,OpenAI-Small
Moral Transgression and Consequence,Khasi,Tripura,0.06200476119685394,OpenAI-Small
Moral Transgression and Consequence,Manipuri (Meitei),Marma,0.08729559333827497,OpenAI-Small
Moral Transgression and Consequence,Manipuri (Meitei),Mro,0.08966533260596121,OpenAI-Small
Moral Transgression and Consequence,Manipuri (Meitei),Oraon (Kurukh),0.08007859177480958,OpenAI-Small
Moral Transgression and Consequence,Manipuri (Meitei),Rakhine,0.07336417726702094,OpenAI-Small
Moral Transgression and Consequence,Manipuri (Meitei),Santal,0.08333996391166798,OpenAI-Small
Moral Transgression and Consequence,Manipuri (Meitei),Tripura,0.07678369369465288,OpenAI-Small
Moral Transgression and Consequence,Marma,Mro,0.07567891865948995,OpenAI-Small
Moral Transgression and Consequence,Marma,Oraon (Kurukh),0.07687583786444951,OpenAI-Small
Moral Transgression and Consequence,Marma,Rakhine,0.07339146542656783,OpenAI-Small
Moral Transgression and Consequence,Marma,Santal,0.07914083914607228,OpenAI-Small
Moral Transgression and Consequence,Marma,Tripura,0.07568002349464387,OpenAI-Small
Moral Transgression and Consequence,Mro,Oraon (Kurukh),0.07102016152584101,OpenAI-Small
Moral Transgression and Consequence,Mro,Rakhine,0.07882169939649308,OpenAI-Small
Moral Transgression and Consequence,Mro,Santal,0.08522164015606748,OpenAI-Small
Moral Transgression and Consequence,Mro,Tripura,0.05330347048644846,OpenAI-Small
Moral Transgression and Consequence,Oraon (Kurukh),Rakhine,0.07500302994395613,OpenAI-Small
Moral Transgression and Consequence,Oraon (Kurukh),Santal,0.06899441048337496,OpenAI-Small
Moral Transgression and Consequence,Oraon (Kurukh),Tripura,0.06847216523241118,OpenAI-Small
Moral Transgression and Consequence,Rakhine,Santal,0.07535930456897755,OpenAI-Small
Moral Transgression and Consequence,Rakhine,Tripura,0.0748655571325878,OpenAI-Small
Moral Transgression and Consequence,Santal,Tripura,0.07982947817982444,OpenAI-Small
Origin Story,Bengali,Chakma,0.08829053013820043,OpenAI-Small
Origin Story,Bengali,Garo (Mandi),0.08171271304353611,OpenAI-Small
Origin Story,Bengali,Hajong,0.10036442381277388,OpenAI-Small
Origin Story,Bengali,Khasi,0.09489777695603407,OpenAI-Small
Origin Story,Bengali,Manipuri (Meitei),0.08236727816431089,OpenAI-Small
Origin Story,Bengali,Marma,0.08591711911719024,OpenAI-Small
Origin Story,Bengali,Mro,0.09122667986226951,OpenAI-Small
Origin Story,Bengali,Oraon (Kurukh),0.08247841050745564,OpenAI-Small
Origin Story,Bengali,Rakhine,0.06990479644117409,OpenAI-Small
Origin Story,Bengali,Santal,0.08115121818424431,OpenAI-Small
Origin Story,Bengali,Tripura,0.08077593139850991,OpenAI-Small
Origin Story,Chakma,Garo (Mandi),0.07040915294497818,OpenAI-Small
Origin Story,Chakma,Hajong,0.07000179447687249,OpenAI-Small
Origin Story,Chakma,Khasi,0.0861779741772356,OpenAI-Small
Origin Story,Chakma,Manipuri (Meitei),0.07533032159422604,OpenAI-Small
Origin Story,Chakma,Marma,0.061442023129463896,OpenAI-Small
Origin Story,Chakma,Mro,0.051941341815936126,OpenAI-Small
Origin Story,Chakma,Oraon (Kurukh),0.09620093329869095,OpenAI-Small
Origin Story,Chakma,Rakhine,0.09034329399626062,OpenAI-Small
Origin Story,Chakma,Santal,0.0816178520821157,OpenAI-Small
Origin Story,Chakma,Tripura,0.08396291291839741,OpenAI-Small
Origin Story,Garo (Mandi),Hajong,0.07612164709184466,OpenAI-Small
Origin Story,Garo (Mandi),Khasi,0.07274349527162216,OpenAI-Small
Origin Story,Garo (Mandi),Manipuri (Meitei),0.0828559033338343,OpenAI-Small
Origin Story,Garo (Mandi),Marma,0.055129707864523314,OpenAI-Small
Origin Story,Garo (Mandi),Mro,0.06366591708875935,OpenAI-Small
Origin Story,Garo (Mandi),Oraon (Kurukh),0.06856280258731917,OpenAI-Small
Origin Story,Garo (Mandi),Rakhine,0.076315831633601,OpenAI-Small
Origin Story,Garo (Mandi),Santal,0.0755828167740279,OpenAI-Small
Origin Story,Garo (Mandi),Tripura,0.06980817858549948,OpenAI-Small
Origin Story,Hajong,Khasi,0.11484366218832276,OpenAI-Small
Origin Story,Hajong,Manipuri (Meitei),0.06963246184039451,OpenAI-Small
Origin Story,Hajong,Marma,0.06808002198002416,OpenAI-Small
Origin Story,Hajong,Mro,0.06480862343202776,OpenAI-Small
Origin Story,Hajong,Oraon (Kurukh),0.11021201979617234,OpenAI-Small
Origin Story,Hajong,Rakhine,0.11088173005281932,OpenAI-Small
Origin Story,Hajong,Santal,0.09508427597104097,OpenAI-Small
Origin Story,Hajong,Tripura,0.1262789806413872,OpenAI-Small
Origin Story,Khasi,Manipuri (Meitei),0.1110347184445638,OpenAI-Small
Origin Story,Khasi,Marma,0.08013576944450984,OpenAI-Small
Origin Story,Khasi,Mro,0.09254462691670473,OpenAI-Small
Origin Story,Khasi,Oraon (Kurukh),0.07254148393532855,OpenAI-Small
Origin Story,Khasi,Rakhine,0.0785259439760253,OpenAI-Small
Origin Story,Khasi,Santal,0.06939040337977342,OpenAI-Small
Origin Story,Khasi,Tripura,0.0729766889328467,OpenAI-Small
Origin Story,Manipuri (Meitei),Marma,0.07398318361555833,OpenAI-Small
Origin Story,Manipuri (Meitei),Mro,0.06777157002986434,OpenAI-Small
Origin Story,Manipuri (Meitei),Oraon (Kurukh),0.09822017635197777,OpenAI-Small
Origin Story,Manipuri (Meitei),Rakhine,0.07897985383323736,OpenAI-Small
Origin Story,Manipuri (Meitei),Santal,0.08732679519135667,OpenAI-Small
Origin Story,Manipuri (Meitei),Tripura,0.10678385826591286,OpenAI-Small
Origin Story,Marma,Mro,0.05253906966051447,OpenAI-Small
Origin Story,Marma,Oraon (Kurukh),0.08410666264020772,OpenAI-Small
Origin Story,Marma,Rakhine,0.08491011011333838,OpenAI-Small
Origin Story,Marma,Santal,0.08111504751091536,OpenAI-Small
Origin Story,Marma,Tripura,0.08456548025446575,OpenAI-Small
Origin Story,Mro,Oraon (Kurukh),0.09532199390408791,OpenAI-Small
Origin Story,Mro,Rakhine,0.09164525881548213,OpenAI-Small
Origin Story,Mro,Santal,0.08342047617554083,OpenAI-Small
Origin Story,Mro,Tripura,0.09061997643176545,OpenAI-Small
Origin Story,Oraon (Kurukh),Rakhine,0.06888754618470128,OpenAI-Small
Origin Story,Oraon (Kurukh),Santal,0.06849379091797614,OpenAI-Small
Origin Story,Oraon (Kurukh),Tripura,0.08651153357742725,OpenAI-Small
Origin Story,Rakhine,Santal,0.07340568178048523,OpenAI-Small
Origin Story,Rakhine,Tripura,0.072073597608178,OpenAI-Small
Origin Story,Santal,Tripura,0.0735469596478111,OpenAI-Small
Rite of Passage,Bengali,Chakma,0.08212220913328461,OpenAI-Small
Rite of Passage,Bengali,Garo (Mandi),0.07659102468806267,OpenAI-Small
Rite of Passage,Bengali,Hajong,0.0628361355192576,OpenAI-Small
Rite of Passage,Bengali,Khasi,0.09078621623125627,OpenAI-Small
Rite of Passage,Bengali,Manipuri (Meitei),0.10246632192199712,OpenAI-Small
Rite of Passage,Bengali,Marma,0.07807102305403568,OpenAI-Small
Rite of Passage,Bengali,Mro,0.0736567117708048,OpenAI-Small
Rite of Passage,Bengali,Oraon (Kurukh),0.08614050257726547,OpenAI-Small
Rite of Passage,Bengali,Rakhine,0.07782382621390183,OpenAI-Small
Rite of Passage,Bengali,Santal,0.08411137736058127,OpenAI-Small
Rite of Passage,Bengali,Tripura,0.09419881053385804,OpenAI-Small
Rite of Passage,Chakma,Garo (Mandi),0.07431187720427013,OpenAI-Small
Rite of Passage,Chakma,Hajong,0.08348215586113006,OpenAI-Small
Rite of Passage,Chakma,Khasi,0.07441782314616507,OpenAI-Small
Rite of Passage,Chakma,Manipuri (Meitei),0.09373279643917287,OpenAI-Small
Rite of Passage,Chakma,Marma,0.06148194189579814,OpenAI-Small
Rite of Passage,Chakma,Mro,0.0637487888752345,OpenAI-Small
Rite of Passage,Chakma,Oraon (Kurukh),0.07006283012854386,OpenAI-Small
Rite of Passage,Chakma,Rakhine,0.0663854328245096,OpenAI-Small
Rite of Passage,Chakma,Santal,0.07444124314573164,OpenAI-Small
Rite of Passage,Chakma,Tripura,0.06715957027644959,OpenAI-Small
Rite of Passage,Garo (Mandi),Hajong,0.08744494972842554,OpenAI-Small
Rite of Passage,Garo (Mandi),Khasi,0.07383241223923354,OpenAI-Small
Rite of Passage,Garo (Mandi),Manipuri (Meitei),0.08886012511089314,OpenAI-Small
Rite of Passage,Garo (Mandi),Marma,0.07157756403107363,OpenAI-Small
Rite of Passage,Garo (Mandi),Mro,0.0655133977384158,OpenAI-Small
Rite of Passage,Garo (Mandi),Oraon (Kurukh),0.07751258016288642,OpenAI-Small
Rite of Passage,Garo (Mandi),Rakhine,0.06592564373663135,OpenAI-Small
Rite of Passage,Garo (Mandi),Santal,0.07095582552092816,OpenAI-Small
Rite of Passage,Garo (Mandi),Tripura,0.06819490303425602,OpenAI-Small
Rite of Passage,Hajong,Khasi,0.08507086680547238,OpenAI-Small
Rite of Passage,Hajong,Manipuri (Meitei),0.10598904828840283,OpenAI-Small
Rite of Passage,Hajong,Marma,0.08408106110443103,OpenAI-Small
Rite of Passage,Hajong,Mro,0.06815622684362266,OpenAI-Small
Rite of Passage,Hajong,Oraon (Kurukh),0.07464503591124227,OpenAI-Small
Rite of Passage,Hajong,Rakhine,0.07871755861223795,OpenAI-Small
Rite of Passage,Hajong,Santal,0.08010467602492333,OpenAI-Small
Rite of Passage,Hajong,Tripura,0.09358102436280391,OpenAI-Small
Rite of Passage,Khasi,Manipuri (Meitei),0.08321904411928582,OpenAI-Small
Rite of Passage,Khasi,Marma,0.08306016691583518,OpenAI-Small
Rite of Passage,Khasi,Mro,0.06688023783970332,OpenAI-Small
Rite of Passage,Khasi,Oraon (Kurukh),0.07476249080297004,OpenAI-Small
Rite of Passage,Khasi,Rakhine,0.07361288979878788,OpenAI-Small
Rite of Passage,Khasi,Santal,0.08095965665302107,OpenAI-Small
Rite of Passage,Khasi,Tripura,0.07958495351976269,OpenAI-Small
Rite of Passage,Manipuri (Meitei),Marma,0.10730954410750404,OpenAI-Small
Rite of Passage,Manipuri (Meitei),Mro,0.07946776975018643,OpenAI-Small
Rite of Passage,Manipuri (Meitei),Oraon (Kurukh),0.08367095158166171,OpenAI-Small
Rite of Passage,Manipuri (Meitei),Rakhine,0.08732065814072776,OpenAI-Small
Rite of Passage,Manipuri (Meitei),Santal,0.07137931943500964,OpenAI-Small
Rite of Passage,Manipuri (Meitei),Tripura,0.09055617245301584,OpenAI-Small
Rite of Passage,Marma,Mro,0.06819859857809663,OpenAI-Small
Rite of Passage,Marma,Oraon (Kurukh),0.07697911753642517,OpenAI-Small
Rite of Passage,Marma,Rakhine,0.06387682554460039,OpenAI-Small
Rite of Passage,Marma,Santal,0.0781260065083027,OpenAI-Small
Rite of Passage,Marma,Tripura,0.06760104735579453,OpenAI-Small
Rite of Passage,Mro,Oraon (Kurukh),0.058719710831936056,OpenAI-Small
Rite of Passage,Mro,Rakhine,0.06609590544409083,OpenAI-Small
Rite of Passage,Mro,Santal,0.05825283080872956,OpenAI-Small
Rite of Passage,Mro,Tripura,0.06686755649264908,OpenAI-Small
Rite of Passage,Oraon (Kurukh),Rakhine,0.06965499093920802,OpenAI-Small
Rite of Passage,Oraon (Kurukh),Santal,0.06580474273241643,OpenAI-Small
Rite of Passage,Oraon (Kurukh),Tripura,0.07044505566274695,OpenAI-Small
Rite of Passage,Rakhine,Santal,0.07921664606407175,OpenAI-Small
Rite of Passage,Rakhine,Tripura,0.0722348505337197,OpenAI-Small
Rite of Passage,Santal,Tripura,0.07005322083258025,OpenAI-Small
Sacred or Forbidden Space,Bengali,Chakma,0.08661622030325367,OpenAI-Small
Sacred or Forbidden Space,Bengali,Garo (Mandi),0.06738327477031503,OpenAI-Small
Sacred or Forbidden Space,Bengali,Hajong,0.07324044177792888,OpenAI-Small
Sacred or Forbidden Space,Bengali,Khasi,0.06966509752821004,OpenAI-Small
Sacred or Forbidden Space,Bengali,Manipuri (Meitei),0.0797172654896936,OpenAI-Small
Sacred or Forbidden Space,Bengali,Marma,0.06862202426382458,OpenAI-Small
Sacred or Forbidden Space,Bengali,Mro,0.09008474057987537,OpenAI-Small
Sacred or Forbidden Space,Bengali,Oraon (Kurukh),0.07793937524615069,OpenAI-Small
Sacred or Forbidden Space,Bengali,Rakhine,0.06815881344949759,OpenAI-Small
Sacred or Forbidden Space,Bengali,Santal,0.06562256287404011,OpenAI-Small
Sacred or Forbidden Space,Bengali,Tripura,0.080754391524399,OpenAI-Small
Sacred or Forbidden Space,Chakma,Garo (Mandi),0.070827066054448,OpenAI-Small
Sacred or Forbidden Space,Chakma,Hajong,0.0781773851444395,OpenAI-Small
Sacred or Forbidden Space,Chakma,Khasi,0.07057869860173394,OpenAI-Small
Sacred or Forbidden Space,Chakma,Manipuri (Meitei),0.08840639948689066,OpenAI-Small
Sacred or Forbidden Space,Chakma,Marma,0.07728175284304895,OpenAI-Small
Sacred or Forbidden Space,Chakma,Mro,0.0655816007693466,OpenAI-Small
Sacred or Forbidden Space,Chakma,Oraon (Kurukh),0.061980598617786486,OpenAI-Small
Sacred or Forbidden Space,Chakma,Rakhine,0.07931908677348709,OpenAI-Small
Sacred or Forbidden Space,Chakma,Santal,0.074117802360261,OpenAI-Small
Sacred or Forbidden Space,Chakma,Tripura,0.07588139826872431,OpenAI-Small
Sacred or Forbidden Space,Garo (Mandi),Hajong,0.06208234877669927,OpenAI-Small
Sacred or Forbidden Space,Garo (Mandi),Khasi,0.0667214400898587,OpenAI-Small
Sacred or Forbidden Space,Garo (Mandi),Manipuri (Meitei),0.07326616805825525,OpenAI-Small
Sacred or Forbidden Space,Garo (Mandi),Marma,0.07961879884231571,OpenAI-Small
Sacred or Forbidden Space,Garo (Mandi),Mro,0.07959632956535945,OpenAI-Small
Sacred or Forbidden Space,Garo (Mandi),Oraon (Kurukh),0.06138869706866834,OpenAI-Small
Sacred or Forbidden Space,Garo (Mandi),Rakhine,0.0753766623895542,OpenAI-Small
Sacred or Forbidden Space,Garo (Mandi),Santal,0.07572009110704059,OpenAI-Small
Sacred or Forbidden Space,Garo (Mandi),Tripura,0.0719034082644745,OpenAI-Small
Sacred or Forbidden Space,Hajong,Khasi,0.05993760519864022,OpenAI-Small
Sacred or Forbidden Space,Hajong,Manipuri (Meitei),0.07104666453548614,OpenAI-Small
Sacred or Forbidden Space,Hajong,Marma,0.07543094902469893,OpenAI-Small
Sacred or Forbidden Space,Hajong,Mro,0.0784693120476625,OpenAI-Small
Sacred or Forbidden Space,Hajong,Oraon (Kurukh),0.06377575693078896,OpenAI-Small
Sacred or Forbidden Space,Hajong,Rakhine,0.06787899219112092,OpenAI-Small
Sacred or Forbidden Space,Hajong,Santal,0.06665362637771777,OpenAI-Small
Sacred or Forbidden Space,Hajong,Tripura,0.06414124405741661,OpenAI-Small
Sacred or Forbidden Space,Khasi,Manipuri (Meitei),0.0878347548017071,OpenAI-Small
Sacred or Forbidden Space,Khasi,Marma,0.08215808141103753,OpenAI-Small
Sacred or Forbidden Space,Khasi,Mro,0.08786648925753571,OpenAI-Small
Sacred or Forbidden Space,Khasi,Oraon (Kurukh),0.06731436541729496,OpenAI-Small
Sacred or Forbidden Space,Khasi,Rakhine,0.07620091830211417,OpenAI-Small
Sacred or Forbidden Space,Khasi,Santal,0.06397982788152468,OpenAI-Small
Sacred or Forbidden Space,Khasi,Tripura,0.06512111526737374,OpenAI-Small
Sacred or Forbidden Space,Manipuri (Meitei),Marma,0.10541213853361653,OpenAI-Small
Sacred or Forbidden Space,Manipuri (Meitei),Mro,0.1003053747467515,OpenAI-Small
Sacred or Forbidden Space,Manipuri (Meitei),Oraon (Kurukh),0.07056206018787448,OpenAI-Small
Sacred or Forbidden Space,Manipuri (Meitei),Rakhine,0.08406366316606362,OpenAI-Small
Sacred or Forbidden Space,Manipuri (Meitei),Santal,0.08574204496658078,OpenAI-Small
Sacred or Forbidden Space,Manipuri (Meitei),Tripura,0.06669100086960544,OpenAI-Small
Sacred or Forbidden Space,Marma,Mro,0.06798362168892347,OpenAI-Small
Sacred or Forbidden Space,Marma,Oraon (Kurukh),0.07275530729494661,OpenAI-Small
Sacred or Forbidden Space,Marma,Rakhine,0.06324870199707922,OpenAI-Small
Sacred or Forbidden Space,Marma,Santal,0.07777625948406075,OpenAI-Small
Sacred or Forbidden Space,Marma,Tripura,0.08516190841143023,OpenAI-Small
Sacred or Forbidden Space,Mro,Oraon (Kurukh),0.08239071074480664,OpenAI-Small
Sacred or Forbidden Space,Mro,Rakhine,0.07063697852950868,OpenAI-Small
Sacred or Forbidden Space,Mro,Santal,0.08635602232303197,OpenAI-Small
Sacred or Forbidden Space,Mro,Tripura,0.09165296985671634,OpenAI-Small
Sacred or Forbidden Space,Oraon (Kurukh),Rakhine,0.07784891731645738,OpenAI-Small
Sacred or Forbidden Space,Oraon (Kurukh),Santal,0.06657013287257163,OpenAI-Small
Sacred or Forbidden Space,Oraon (Kurukh),Tripura,0.06403738922796542,OpenAI-Small
Sacred or Forbidden Space,Rakhine,Santal,0.07250236707102808,OpenAI-Small
Sacred or Forbidden Space,Rakhine,Tripura,0.07773204278129975,OpenAI-Small
Sacred or Forbidden Space,Santal,Tripura,0.0653957731647059,OpenAI-Small
Trickster or Clever Figure,Bengali,Chakma,0.12071427488768383,OpenAI-Small
Trickster or Clever Figure,Bengali,Garo (Mandi),0.09255807924438131,OpenAI-Small
Trickster or Clever Figure,Bengali,Hajong,0.07896754815484963,OpenAI-Small
Trickster or Clever Figure,Bengali,Khasi,0.09530023666805987,OpenAI-Small
Trickster or Clever Figure,Bengali,Manipuri (Meitei),0.09737316395393547,OpenAI-Small
Trickster or Clever Figure,Bengali,Marma,0.07927739793736499,OpenAI-Small
Trickster or Clever Figure,Bengali,Mro,0.10827408326693433,OpenAI-Small
Trickster or Clever Figure,Bengali,Oraon (Kurukh),0.06322233678640388,OpenAI-Small
Trickster or Clever Figure,Bengali,Rakhine,0.09403724970284866,OpenAI-Small
Trickster or Clever Figure,Bengali,Santal,0.08189286517253058,OpenAI-Small
Trickster or Clever Figure,Bengali,Tripura,0.08162076548944941,OpenAI-Small
Trickster or Clever Figure,Chakma,Garo (Mandi),0.09164363665873587,OpenAI-Small
Trickster or Clever Figure,Chakma,Hajong,0.09980605604627846,OpenAI-Small
Trickster or Clever Figure,Chakma,Khasi,0.1086531337143144,OpenAI-Small
Trickster or Clever Figure,Chakma,Manipuri (Meitei),0.09591294466720135,OpenAI-Small
Trickster or Clever Figure,Chakma,Marma,0.07984916793110908,OpenAI-Small
Trickster or Clever Figure,Chakma,Mro,0.07515891866500823,OpenAI-Small
Trickster or Clever Figure,Chakma,Oraon (Kurukh),0.10059337096009802,OpenAI-Small
Trickster or Clever Figure,Chakma,Rakhine,0.09465675911438831,OpenAI-Small
Trickster or Clever Figure,Chakma,Santal,0.11377943401726964,OpenAI-Small
Trickster or Clever Figure,Chakma,Tripura,0.061148982329385704,OpenAI-Small
Trickster or Clever Figure,Garo (Mandi),Hajong,0.06347732677703388,OpenAI-Small
Trickster or Clever Figure,Garo (Mandi),Khasi,0.09127771019974129,OpenAI-Small
Trickster or Clever Figure,Garo (Mandi),Manipuri (Meitei),0.08756019110092172,OpenAI-Small
Trickster or Clever Figure,Garo (Mandi),Marma,0.06813716151445826,OpenAI-Small
Trickster or Clever Figure,Garo (Mandi),Mro,0.08625448844581018,OpenAI-Small
Trickster or Clever Figure,Garo (Mandi),Oraon (Kurukh),0.07563632804921216,OpenAI-Small
Trickster or Clever Figure,Garo (Mandi),Rakhine,0.0848840749137364,OpenAI-Small
Trickster or Clever Figure,Garo (Mandi),Santal,0.10032903722298747,OpenAI-Small
Trickster or Clever Figure,Garo (Mandi),Tripura,0.06927098735393711,OpenAI-Small
Trickster or Clever Figure,Hajong,Khasi,0.08463612467320503,OpenAI-Small
Trickster or Clever Figure,Hajong,Manipuri (Meitei),0.08713000853449582,OpenAI-Small
Trickster or Clever Figure,Hajong,Marma,0.07795256880477108,OpenAI-Small
Trickster or Clever Figure,Hajong,Mro,0.08853925751842529,OpenAI-Small
Trickster or Clever Figure,Hajong,Oraon (Kurukh),0.07307388413166871,OpenAI-Small
Trickster or Clever Figure,Hajong,Rakhine,0.08384039629149087,OpenAI-Small
Trickster or Clever Figure,Hajong,Santal,0.09160613052229294,OpenAI-Small
Trickster or Clever Figure,Hajong,Tripura,0.07608281007546547,OpenAI-Small
Trickster or Clever Figure,Khasi,Manipuri (Meitei),0.09629904703274861,OpenAI-Small
Trickster or Clever Figure,Khasi,Marma,0.08370931350019029,OpenAI-Small
Trickster or Clever Figure,Khasi,Mro,0.09560391905380261,OpenAI-Small
Trickster or Clever Figure,Khasi,Oraon (Kurukh),0.07513306721886714,OpenAI-Small
Trickster or Clever Figure,Khasi,Rakhine,0.11267754954442843,OpenAI-Small
Trickster or Clever Figure,Khasi,Santal,0.09360653941725072,OpenAI-Small
Trickster or Clever Figure,Khasi,Tripura,0.0723063394921446,OpenAI-Small
Trickster or Clever Figure,Manipuri (Meitei),Marma,0.0832072878275455,OpenAI-Small
Trickster or Clever Figure,Manipuri (Meitei),Mro,0.10085512796130158,OpenAI-Small
Trickster or Clever Figure,Manipuri (Meitei),Oraon (Kurukh),0.08290496604917585,OpenAI-Small
Trickster or Clever Figure,Manipuri (Meitei),Rakhine,0.09233876604672264,OpenAI-Small
Trickster or Clever Figure,Manipuri (Meitei),Santal,0.1018214492403362,OpenAI-Small
Trickster or Clever Figure,Manipuri (Meitei),Tripura,0.08217680023567431,OpenAI-Small
Trickster or Clever Figure,Marma,Mro,0.06219447078524443,OpenAI-Small
Trickster or Clever Figure,Marma,Oraon (Kurukh),0.06027508455228936,OpenAI-Small
Trickster or Clever Figure,Marma,Rakhine,0.07604174674358588,OpenAI-Small
Trickster or Clever Figure,Marma,Santal,0.07568142609432926,OpenAI-Small
Trickster or Clever Figure,Marma,Tripura,0.06329576207089826,OpenAI-Small
Trickster or Clever Figure,Mro,Oraon (Kurukh),0.08981376025161047,OpenAI-Small
Trickster or Clever Figure,Mro,Rakhine,0.10257065976248803,OpenAI-Small
Trickster or Clever Figure,Mro,Santal,0.09548831773771327,OpenAI-Small
Trickster or Clever Figure,Mro,Tripura,0.06671984420512167,OpenAI-Small
Trickster or Clever Figure,Oraon (Kurukh),Rakhine,0.08179865622291549,OpenAI-Small
Trickster or Clever Figure,Oraon (Kurukh),Santal,0.060342234092159774,OpenAI-Small
Trickster or Clever Figure,Oraon (Kurukh),Tripura,0.06712151070847361,OpenAI-Small
Trickster or Clever Figure,Rakhine,Santal,0.08638640370954132,OpenAI-Small
Trickster or Clever Figure,Rakhine,Tripura,0.08628974095648512,OpenAI-Small
Trickster or Clever Figure,Santal,Tripura,0.08674613367743533,OpenAI-Small
Wisdom of an Elder,Bengali,Chakma,0.08020614953458483,OpenAI-Small
Wisdom of an Elder,Bengali,Garo (Mandi),0.08062122635233482,OpenAI-Small
Wisdom of an Elder,Bengali,Hajong,0.08175218261035122,OpenAI-Small
Wisdom of an Elder,Bengali,Khasi,0.09933949961883581,OpenAI-Small
Wisdom of an Elder,Bengali,Manipuri (Meitei),0.0808074016167798,OpenAI-Small
Wisdom of an Elder,Bengali,Marma,0.08099028914078421,OpenAI-Small
Wisdom of an Elder,Bengali,Mro,0.09232171033013359,OpenAI-Small
Wisdom of an Elder,Bengali,Oraon (Kurukh),0.09547651502196886,OpenAI-Small
Wisdom of an Elder,Bengali,Rakhine,0.10044666372784816,OpenAI-Small
Wisdom of an Elder,Bengali,Santal,0.09739746736413557,OpenAI-Small
Wisdom of an Elder,Bengali,Tripura,0.08252095885611987,OpenAI-Small
Wisdom of an Elder,Chakma,Garo (Mandi),0.06507570521706096,OpenAI-Small
Wisdom of an Elder,Chakma,Hajong,0.07238796704136785,OpenAI-Small
Wisdom of an Elder,Chakma,Khasi,0.07392277389758772,OpenAI-Small
Wisdom of an Elder,Chakma,Manipuri (Meitei),0.07862455810314817,OpenAI-Small
Wisdom of an Elder,Chakma,Marma,0.05278540714440383,OpenAI-Small
Wisdom of an Elder,Chakma,Mro,0.06107953109609876,OpenAI-Small
Wisdom of an Elder,Chakma,Oraon (Kurukh),0.07444735342566355,OpenAI-Small
Wisdom of an Elder,Chakma,Rakhine,0.07638903495979588,OpenAI-Small
Wisdom of an Elder,Chakma,Santal,0.09336746830401221,OpenAI-Small
Wisdom of an Elder,Chakma,Tripura,0.07225095425639938,OpenAI-Small
Wisdom of an Elder,Garo (Mandi),Hajong,0.06111115693776559,OpenAI-Small
Wisdom of an Elder,Garo (Mandi),Khasi,0.06750924304370454,OpenAI-Small
Wisdom of an Elder,Garo (Mandi),Manipuri (Meitei),0.07516735309232625,OpenAI-Small
Wisdom of an Elder,Garo (Mandi),Marma,0.0691464423887711,OpenAI-Small
Wisdom of an Elder,Garo (Mandi),Mro,0.06314589583631247,OpenAI-Small
Wisdom of an Elder,Garo (Mandi),Oraon (Kurukh),0.05760026364223725,OpenAI-Small
Wisdom of an Elder,Garo (Mandi),Rakhine,0.07182712532536106,OpenAI-Small
Wisdom of an Elder,Garo (Mandi),Santal,0.07334373780834424,OpenAI-Small
Wisdom of an Elder,Garo (Mandi),Tripura,0.058771743255509046,OpenAI-Small
Wisdom of an Elder,Hajong,Khasi,0.06509525336999145,OpenAI-Small
Wisdom of an Elder,Hajong,Manipuri (Meitei),0.07998698703540819,OpenAI-Small
Wisdom of an Elder,Hajong,Marma,0.06893740206002663,OpenAI-Small
Wisdom of an Elder,Hajong,Mro,0.07146838711720771,OpenAI-Small
Wisdom of an Elder,Hajong,Oraon (Kurukh),0.07888419166037541,OpenAI-Small
Wisdom of an Elder,Hajong,Rakhine,0.08461163264606275,OpenAI-Small
Wisdom of an Elder,Hajong,Santal,0.06453297868154961,OpenAI-Small
Wisdom of an Elder,Hajong,Tripura,0.0676339569261557,OpenAI-Small
Wisdom of an Elder,Khasi,Manipuri (Meitei),0.09284895649500013,OpenAI-Small
Wisdom of an Elder,Khasi,Marma,0.06428060215511178,OpenAI-Small
Wisdom of an Elder,Khasi,Mro,0.06347732289551944,OpenAI-Small
Wisdom of an Elder,Khasi,Oraon (Kurukh),0.07369212483747833,OpenAI-Small
Wisdom of an Elder,Khasi,Rakhine,0.08883768981970241,OpenAI-Small
Wisdom of an Elder,Khasi,Santal,0.0837257774244552,OpenAI-Small
Wisdom of an Elder,Khasi,Tripura,0.08282229039166666,OpenAI-Small
Wisdom of an Elder,Manipuri (Meitei),Marma,0.07119538455746888,OpenAI-Small
Wisdom of an Elder,Manipuri (Meitei),Mro,0.08887115111084576,OpenAI-Small
Wisdom of an Elder,Manipuri (Meitei),Oraon (Kurukh),0.08343151755239464,OpenAI-Small
Wisdom of an Elder,Manipuri (Meitei),Rakhine,0.08301405730107814,OpenAI-Small
Wisdom of an Elder,Manipuri (Meitei),Santal,0.08116825540086814,OpenAI-Small
Wisdom of an Elder,Manipuri (Meitei),Tripura,0.08690226145099866,OpenAI-Small
Wisdom of an Elder,Marma,Mro,0.05948915477161909,OpenAI-Small
Wisdom of an Elder,Marma,Oraon (Kurukh),0.07776665652197845,OpenAI-Small
Wisdom of an Elder,Marma,Rakhine,0.07951161195639866,OpenAI-Small
Wisdom of an Elder,Marma,Santal,0.08679808126088284,OpenAI-Small
Wisdom of an Elder,Marma,Tripura,0.07067671629768157,OpenAI-Small
Wisdom of an Elder,Mro,Oraon (Kurukh),0.08414867127935699,OpenAI-Small
Wisdom of an Elder,Mro,Rakhine,0.08033103851673384,OpenAI-Small
Wisdom of an Elder,Mro,Santal,0.08146522124507316,OpenAI-Small
Wisdom of an Elder,Mro,Tripura,0.06983022372535852,OpenAI-Small
Wisdom of an Elder,Oraon (Kurukh),Rakhine,0.08592789394110834,OpenAI-Small
Wisdom of an Elder,Oraon (Kurukh),Santal,0.09246022105721463,OpenAI-Small
Wisdom of an Elder,Oraon (Kurukh),Tripura,0.07971429053630019,OpenAI-Small
Wisdom of an Elder,Rakhine,Santal,0.0960148950247739,OpenAI-Small
Wisdom of an Elder,Rakhine,Tripura,0.09538760245141464,OpenAI-Small
Wisdom of an Elder,Santal,Tripura,0.07275859767086734,OpenAI-Small
Change and Continuity,Bengali,Chakma,0.07692687965101253,Gemini
Change and Continuity,Bengali,Garo (Mandi),0.09794603709232719,Gemini
Change and Continuity,Bengali,Hajong,0.07144769266299011,Gemini
Change and Continuity,Bengali,Khasi,0.0771047681657091,Gemini
Change and Continuity,Bengali,Manipuri (Meitei),0.07982610549488312,Gemini
Change and Continuity,Bengali,Marma,0.07566439001163294,Gemini
Change and Continuity,Bengali,Mro,0.0893185890730096,Gemini
Change and Continuity,Bengali,Oraon (Kurukh),0.0764279839783577,Gemini
Change and Continuity,Bengali,Rakhine,0.08655653237810046,Gemini
Change and Continuity,Bengali,Santal,0.07023937467307295,Gemini
Change and Continuity,Bengali,Tripura,0.08266556195476504,Gemini
Change and Continuity,Chakma,Garo (Mandi),0.060731785978681674,Gemini
Change and Continuity,Chakma,Hajong,0.06132654804578708,Gemini
Change and Continuity,Chakma,Khasi,0.062396061373036105,Gemini
Change and Continuity,Chakma,Manipuri (Meitei),0.07725267233616717,Gemini
Change and Continuity,Chakma,Marma,0.05104508003823971,Gemini
Change and Continuity,Chakma,Mro,0.0543703040753587,Gemini
Change and Continuity,Chakma,Oraon (Kurukh),0.046634340193572155,Gemini
Change and Continuity,Chakma,Rakhine,0.07283341230612006,Gemini
Change and Continuity,Chakma,Santal,0.05209830658702841,Gemini
Change and Continuity,Chakma,Tripura,0.04247650766789601,Gemini
Change and Continuity,Garo (Mandi),Hajong,0.07053324704661945,Gemini
Change and Continuity,Garo (Mandi),Khasi,0.059081036547068644,Gemini
Change and Continuity,Garo (Mandi),Manipuri (Meitei),0.07816758796839884,Gemini
Change and Continuity,Garo (Mandi),Marma,0.05976824391153435,Gemini
Change and Continuity,Garo (Mandi),Mro,0.061588643263978726,Gemini
Change and Continuity,Garo (Mandi),Oraon (Kurukh),0.076064921598058,Gemini
Change and Continuity,Garo (Mandi),Rakhine,0.09108211589838344,Gemini
Change and Continuity,Garo (Mandi),Santal,0.06717275085298335,Gemini
Change and Continuity,Garo (Mandi),Tripura,0.0649054416228605,Gemini
Change and Continuity,Hajong,Khasi,0.05944315636556785,Gemini
Change and Continuity,Hajong,Manipuri (Meitei),0.07400775899842404,Gemini
Change and Continuity,Hajong,Marma,0.061908864461063695,Gemini
Change and Continuity,Hajong,Mro,0.05987168825951339,Gemini
Change and Continuity,Hajong,Oraon (Kurukh),0.0705558301601088,Gemini
Change and Continuity,Hajong,Rakhine,0.06761270101369221,Gemini
Change and Continuity,Hajong,Santal,0.055060787137816924,Gemini
Change and Continuity,Hajong,Tripura,0.06517597812038844,Gemini
Change and Continuity,Khasi,Manipuri (Meitei),0.06854656016849592,Gemini
Change and Continuity,Khasi,Marma,0.051198049388464395,Gemini
Change and Continuity,Khasi,Mro,0.059073903475805656,Gemini
Change and Continuity,Khasi,Oraon (Kurukh),0.07391134960167323,Gemini
Change and Continuity,Khasi,Rakhine,0.06788277651778962,Gemini
Change and Continuity,Khasi,Santal,0.0643953116853786,Gemini
Change and Continuity,Khasi,Tripura,0.06794426787260333,Gemini
Change and Continuity,Manipuri (Meitei),Marma,0.06927437001701997,Gemini
Change and Continuity,Manipuri (Meitei),Mro,0.07183896501155174,Gemini
Change and Continuity,Manipuri (Meitei),Oraon (Kurukh),0.08176591028744762,Gemini
Change and Continuity,Manipuri (Meitei),Rakhine,0.07893778250439976,Gemini
Change and Continuity,Manipuri (Meitei),Santal,0.06819695685202698,Gemini
Change and Continuity,Manipuri (Meitei),Tripura,0.07252538343051596,Gemini
Change and Continuity,Marma,Mro,0.051619816333139834,Gemini
Change and Continuity,Marma,Oraon (Kurukh),0.06793234921131852,Gemini
Change and Continuity,Marma,Rakhine,0.05754925187198556,Gemini
Change and Continuity,Marma,Santal,0.05869018407515603,Gemini
Change and Continuity,Marma,Tripura,0.06224845438631654,Gemini
Change and Continuity,Mro,Oraon (Kurukh),0.0652711117062772,Gemini
Change and Continuity,Mro,Rakhine,0.06871064233930135,Gemini
Change and Continuity,Mro,Santal,0.05332826257682166,Gemini
Change and Continuity,Mro,Tripura,0.06179355569534739,Gemini
Change and Continuity,Oraon (Kurukh),Rakhine,0.08558789407060197,Gemini
Change and Continuity,Oraon (Kurukh),Santal,0.04971176807796063,Gemini
Change and Continuity,Oraon (Kurukh),Tripura,0.05855411539378852,Gemini
Change and Continuity,Rakhine,Santal,0.07557805532833317,Gemini
Change and Continuity,Rakhine,Tripura,0.08571000602121415,Gemini
Change and Continuity,Santal,Tripura,0.05809771356808102,Gemini
Community Crisis,Bengali,Chakma,0.057301302256905995,Gemini
Community Crisis,Bengali,Garo (Mandi),0.06876386157682757,Gemini
Community Crisis,Bengali,Hajong,0.05221037381256388,Gemini
Community Crisis,Bengali,Khasi,0.06432356564250585,Gemini
Community Crisis,Bengali,Manipuri (Meitei),0.0663493357749575,Gemini
Community Crisis,Bengali,Marma,0.07603372253067564,Gemini
Community Crisis,Bengali,Mro,0.06568954050939202,Gemini
Community Crisis,Bengali,Oraon (Kurukh),0.04961375072834695,Gemini
Community Crisis,Bengali,Rakhine,0.07703573210720871,Gemini
Community Crisis,Bengali,Santal,0.05668735047836382,Gemini
Community Crisis,Bengali,Tripura,0.05475557468214354,Gemini
Community Crisis,Chakma,Garo (Mandi),0.04893056446076849,Gemini
Community Crisis,Chakma,Hajong,0.049991229804851045,Gemini
Community Crisis,Chakma,Khasi,0.0494046082018077,Gemini
Community Crisis,Chakma,Manipuri (Meitei),0.06298740869648922,Gemini
Community Crisis,Chakma,Marma,0.031863313002235216,Gemini
Community Crisis,Chakma,Mro,0.04246384910701129,Gemini
Community Crisis,Chakma,Oraon (Kurukh),0.054114667377145986,Gemini
Community Crisis,Chakma,Rakhine,0.0725134000926958,Gemini
Community Crisis,Chakma,Santal,0.05511257150205173,Gemini
Community Crisis,Chakma,Tripura,0.04499641181477365,Gemini
Community Crisis,Garo (Mandi),Hajong,0.058866686951473124,Gemini
Community Crisis,Garo (Mandi),Khasi,0.049069938652077205,Gemini
Community Crisis,Garo (Mandi),Manipuri (Meitei),0.06611531288667905,Gemini
Community Crisis,Garo (Mandi),Marma,0.054423254994976356,Gemini
Community Crisis,Garo (Mandi),Mro,0.05068802862534827,Gemini
Community Crisis,Garo (Mandi),Oraon (Kurukh),0.05398732076673085,Gemini
Community Crisis,Garo (Mandi),Rakhine,0.08354892979265183,Gemini
Community Crisis,Garo (Mandi),Santal,0.056226610664448784,Gemini
Community Crisis,Garo (Mandi),Tripura,0.05655983383148788,Gemini
Community Crisis,Hajong,Khasi,0.05558849885315187,Gemini
Community Crisis,Hajong,Manipuri (Meitei),0.06467410388860773,Gemini
Community Crisis,Hajong,Marma,0.054733868868976354,Gemini
Community Crisis,Hajong,Mro,0.056862950942025536,Gemini
Community Crisis,Hajong,Oraon (Kurukh),0.0587266103009183,Gemini
Community Crisis,Hajong,Rakhine,0.08362552074463403,Gemini
Community Crisis,Hajong,Santal,0.05153888210486812,Gemini
Community Crisis,Hajong,Tripura,0.060476668497372654,Gemini
Community Crisis,Khasi,Manipuri (Meitei),0.06044041379180465,Gemini
Community Crisis,Khasi,Marma,0.04899671514295134,Gemini
Community Crisis,Khasi,Mro,0.04355899644961214,Gemini
Community Crisis,Khasi,Oraon (Kurukh),0.061004678837772386,Gemini
Community Crisis,Khasi,Rakhine,0.07842682566758674,Gemini
Community Crisis,Khasi,Santal,0.06433207988528267,Gemini
Community Crisis,Khasi,Tripura,0.05707999304832978,Gemini
Community Crisis,Manipuri (Meitei),Marma,0.06153620916374403,Gemini
Community Crisis,Manipuri (Meitei),Mro,0.06439958469601292,Gemini
Community Crisis,Manipuri (Meitei),Oraon (Kurukh),0.06749850900165566,Gemini
Community Crisis,Manipuri (Meitei),Rakhine,0.07625736289389473,Gemini
Community Crisis,Manipuri (Meitei),Santal,0.07708997659945505,Gemini
Community Crisis,Manipuri (Meitei),Tripura,0.05892483601367848,Gemini
Community Crisis,Marma,Mro,0.0335144523073313,Gemini
Community Crisis,Marma,Oraon (Kurukh),0.06570552419547171,Gemini
Community Crisis,Marma,Rakhine,0.06925002441570238,Gemini
Community Crisis,Marma,Santal,0.05921429429455971,Gemini
Community Crisis,Marma,Tripura,0.05144642755619,Gemini
Community Crisis,Mro,Oraon (Kurukh),0.05220914885932526,Gemini
Community Crisis,Mro,Rakhine,0.07712823294680826,Gemini
Community Crisis,Mro,Santal,0.059415764034853935,Gemini
Community Crisis,Mro,Tripura,0.04782315727316189,Gemini
Community Crisis,Oraon (Kurukh),Rakhine,0.08637503510563427,Gemini
Community Crisis,Oraon (Kurukh),Santal,0.040881083323835665,Gemini
Community Crisis,Oraon (Kurukh),Tripura,0.04960380961677591,Gemini
Community Crisis,Rakhine,Santal,0.0896833696156848,Gemini
Community Crisis,Rakhine,Tripura,0.07761278266875538,Gemini
Community Crisis,Santal,Tripura,0.05739916927471067,Gemini
Everyday Life Narrative,Bengali,Chakma,0.08339124873455506,Gemini
Everyday Life Narrative,Bengali,Garo (Mandi),0.08715800520796291,Gemini
Everyday Life Narrative,Bengali,Hajong,0.06703129808365282,Gemini
Everyday Life Narrative,Bengali,Khasi,0.08938894494519889,Gemini
Everyday Life Narrative,Bengali,Manipuri (Meitei),0.09564348951210622,Gemini
Everyday Life Narrative,Bengali,Marma,0.09991768262232914,Gemini
Everyday Life Narrative,Bengali,Mro,0.08633314164493489,Gemini
Everyday Life Narrative,Bengali,Oraon (Kurukh),0.07038103467173373,Gemini
Everyday Life Narrative,Bengali,Rakhine,0.10559766945585736,Gemini
Everyday Life Narrative,Bengali,Santal,0.08125005021062437,Gemini
Everyday Life Narrative,Bengali,Tripura,0.07374703896340062,Gemini
Everyday Life Narrative,Chakma,Garo (Mandi),0.06093205043832495,Gemini
Everyday Life Narrative,Chakma,Hajong,0.07109630779760245,Gemini
Everyday Life Narrative,Chakma,Khasi,0.07352645589720197,Gemini
Everyday Life Narrative,Chakma,Manipuri (Meitei),0.06252758102941736,Gemini
Everyday Life Narrative,Chakma,Marma,0.07160802045357173,Gemini
Everyday Life Narrative,Chakma,Mro,0.06020378908251367,Gemini
Everyday Life Narrative,Chakma,Oraon (Kurukh),0.06824486190458168,Gemini
Everyday Life Narrative,Chakma,Rakhine,0.09349589521314738,Gemini
Everyday Life Narrative,Chakma,Santal,0.08393363533340181,Gemini
Everyday Life Narrative,Chakma,Tripura,0.06407667508560566,Gemini
Everyday Life Narrative,Garo (Mandi),Hajong,0.06787750187936636,Gemini
Everyday Life Narrative,Garo (Mandi),Khasi,0.06958091925287957,Gemini
Everyday Life Narrative,Garo (Mandi),Manipuri (Meitei),0.08026464452780491,Gemini
Everyday Life Narrative,Garo (Mandi),Marma,0.062022339622179734,Gemini
Everyday Life Narrative,Garo (Mandi),Mro,0.05885036141241362,Gemini
Everyday Life Narrative,Garo (Mandi),Oraon (Kurukh),0.06844880903579387,Gemini
Everyday Life Narrative,Garo (Mandi),Rakhine,0.09763194361743066,Gemini
Everyday Life Narrative,Garo (Mandi),Santal,0.07571288543365828,Gemini
Everyday Life Narrative,Garo (Mandi),Tripura,0.060521978519045616,Gemini
Everyday Life Narrative,Hajong,Khasi,0.07013901318694649,Gemini
Everyday Life Narrative,Hajong,Manipuri (Meitei),0.08822743976296521,Gemini
Everyday Life Narrative,Hajong,Marma,0.07382261218952857,Gemini
Everyday Life Narrative,Hajong,Mro,0.07124153991293791,Gemini
Everyday Life Narrative,Hajong,Oraon (Kurukh),0.06717765615573823,Gemini
Everyday Life Narrative,Hajong,Rakhine,0.09568463508106495,Gemini
Everyday Life Narrative,Hajong,Santal,0.07556552686126738,Gemini
Everyday Life Narrative,Hajong,Tripura,0.07054494988511706,Gemini
Everyday Life Narrative,Khasi,Manipuri (Meitei),0.07675747538209876,Gemini
Everyday Life Narrative,Khasi,Marma,0.07260871808306135,Gemini
Everyday Life Narrative,Khasi,Mro,0.06605629273362523,Gemini
Everyday Life Narrative,Khasi,Oraon (Kurukh),0.07186905528526388,Gemini
Everyday Life Narrative,Khasi,Rakhine,0.09222131488055729,Gemini
Everyday Life Narrative,Khasi,Santal,0.09099998717287383,Gemini
Everyday Life Narrative,Khasi,Tripura,0.06777596041523992,Gemini
Everyday Life Narrative,Manipuri (Meitei),Marma,0.09120919436778463,Gemini
Everyday Life Narrative,Manipuri (Meitei),Mro,0.07448038286436898,Gemini
Everyday Life Narrative,Manipuri (Meitei),Oraon (Kurukh),0.08440137859304953,Gemini
Everyday Life Narrative,Manipuri (Meitei),Rakhine,0.0867193398628966,Gemini
Everyday Life Narrative,Manipuri (Meitei),Santal,0.1025217050411028,Gemini
Everyday Life Narrative,Manipuri (Meitei),Tripura,0.07606164911364477,Gemini
Everyday Life Narrative,Marma,Mro,0.05211402311300806,Gemini
Everyday Life Narrative,Marma,Oraon (Kurukh),0.081095969404686,Gemini
Everyday Life Narrative,Marma,Rakhine,0.07918555992547349,Gemini
Everyday Life Narrative,Marma,Santal,0.08952775873880103,Gemini
Everyday Life Narrative,Marma,Tripura,0.0684249394744455,Gemini
Everyday Life Narrative,Mro,Oraon (Kurukh),0.06162854791638972,Gemini
Everyday Life Narrative,Mro,Rakhine,0.08156545379258517,Gemini
Everyday Life Narrative,Mro,Santal,0.07409878235231848,Gemini
Everyday Life Narrative,Mro,Tripura,0.05337960493793703,Gemini
Everyday Life Narrative,Oraon (Kurukh),Rakhine,0.10414371550255519,Gemini
Everyday Life Narrative,Oraon (Kurukh),Santal,0.059306979627635203,Gemini
Everyday Life Narrative,Oraon (Kurukh),Tripura,0.06201004937606025,Gemini
Everyday Life Narrative,Rakhine,Santal,0.11698325081176497,Gemini
Everyday Life Narrative,Rakhine,Tripura,0.09259817145552496,Gemini
Everyday Life Narrative,Santal,Tripura,0.07579907640237427,Gemini
Human–Nature Relationship,Bengali,Chakma,0.06262452281786812,Gemini
Human–Nature Relationship,Bengali,Garo (Mandi),0.07406244809210594,Gemini
Human–Nature Relationship,Bengali,Hajong,0.05424303034453182,Gemini
Human–Nature Relationship,Bengali,Khasi,0.07079273545585918,Gemini
Human–Nature Relationship,Bengali,Manipuri (Meitei),0.06881216812941315,Gemini
Human–Nature Relationship,Bengali,Marma,0.06308847743193158,Gemini
Human–Nature Relationship,Bengali,Mro,0.060530640426688764,Gemini
Human–Nature Relationship,Bengali,Oraon (Kurukh),0.04995139933329085,Gemini
Human–Nature Relationship,Bengali,Rakhine,0.057989297508511006,Gemini
Human–Nature Relationship,Bengali,Santal,0.05195888660809733,Gemini
Human–Nature Relationship,Bengali,Tripura,0.05619597282606126,Gemini
Human–Nature Relationship,Chakma,Garo (Mandi),0.051194338986935484,Gemini
Human–Nature Relationship,Chakma,Hajong,0.044180907288958626,Gemini
Human–Nature Relationship,Chakma,Khasi,0.04879580943019102,Gemini
Human–Nature Relationship,Chakma,Manipuri (Meitei),0.06387678485617276,Gemini
Human–Nature Relationship,Chakma,Marma,0.047766373813759255,Gemini
Human–Nature Relationship,Chakma,Mro,0.04335767923009759,Gemini
Human–Nature Relationship,Chakma,Oraon (Kurukh),0.05621098136365876,Gemini
Human–Nature Relationship,Chakma,Rakhine,0.058348928629719965,Gemini
Human–Nature Relationship,Chakma,Santal,0.05387991637914202,Gemini
Human–Nature Relationship,Chakma,Tripura,0.036720121661763416,Gemini
Human–Nature Relationship,Garo (Mandi),Hajong,0.051041560057640045,Gemini
Human–Nature Relationship,Garo (Mandi),Khasi,0.048833767111312154,Gemini
Human–Nature Relationship,Garo (Mandi),Manipuri (Meitei),0.06838273317040344,Gemini
Human–Nature Relationship,Garo (Mandi),Marma,0.051728902346563466,Gemini
Human–Nature Relationship,Garo (Mandi),Mro,0.051338724237327216,Gemini
Human–Nature Relationship,Garo (Mandi),Oraon (Kurukh),0.06178536908043375,Gemini
Human–Nature Relationship,Garo (Mandi),Rakhine,0.06656098401931732,Gemini
Human–Nature Relationship,Garo (Mandi),Santal,0.05886984095612069,Gemini
Human–Nature Relationship,Garo (Mandi),Tripura,0.04804793002990837,Gemini
Human–Nature Relationship,Hajong,Khasi,0.05262160673824301,Gemini
Human–Nature Relationship,Hajong,Manipuri (Meitei),0.0537447672035668,Gemini
Human–Nature Relationship,Hajong,Marma,0.05275164200379612,Gemini
Human–Nature Relationship,Hajong,Mro,0.04187344503080437,Gemini
Human–Nature Relationship,Hajong,Oraon (Kurukh),0.0497240323804633,Gemini
Human–Nature Relationship,Hajong,Rakhine,0.0525454740006247,Gemini
Human–Nature Relationship,Hajong,Santal,0.045824930559120625,Gemini
Human–Nature Relationship,Hajong,Tripura,0.0518582229133554,Gemini
Human–Nature Relationship,Khasi,Manipuri (Meitei),0.057488800756670067,Gemini
Human–Nature Relationship,Khasi,Marma,0.054365310790601695,Gemini
Human–Nature Relationship,Khasi,Mro,0.04732855407624492,Gemini
Human–Nature Relationship,Khasi,Oraon (Kurukh),0.0583176715146303,Gemini
Human–Nature Relationship,Khasi,Rakhine,0.0634592138033,Gemini
Human–Nature Relationship,Khasi,Santal,0.06135842975076933,Gemini
Human–Nature Relationship,Khasi,Tripura,0.044061014261228104,Gemini
Human–Nature Relationship,Manipuri (Meitei),Marma,0.05149366884802753,Gemini
Human–Nature Relationship,Manipuri (Meitei),Mro,0.05260409557811618,Gemini
Human–Nature Relationship,Manipuri (Meitei),Oraon (Kurukh),0.05636915549808652,Gemini
Human–Nature Relationship,Manipuri (Meitei),Rakhine,0.059359616892888045,Gemini
Human–Nature Relationship,Manipuri (Meitei),Santal,0.05938659191981288,Gemini
Human–Nature Relationship,Manipuri (Meitei),Tripura,0.055300243122551884,Gemini
Human–Nature Relationship,Marma,Mro,0.043966788753244335,Gemini
Human–Nature Relationship,Marma,Oraon (Kurukh),0.0569172471144177,Gemini
Human–Nature Relationship,Marma,Rakhine,0.04158091594499702,Gemini
Human–Nature Relationship,Marma,Santal,0.057020709184878005,Gemini
Human–Nature Relationship,Marma,Tripura,0.05034536448936333,Gemini
Human–Nature Relationship,Mro,Oraon (Kurukh),0.05039930211757093,Gemini
Human–Nature Relationship,Mro,Rakhine,0.049808978376652546,Gemini
Human–Nature Relationship,Mro,Santal,0.051259742150536636,Gemini
Human–Nature Relationship,Mro,Tripura,0.034776728778345256,Gemini
Human–Nature Relationship,Oraon (Kurukh),Rakhine,0.06500665110979331,Gemini
Human–Nature Relationship,Oraon (Kurukh),Santal,0.04063854722214866,Gemini
Human–Nature Relationship,Oraon (Kurukh),Tripura,0.05170570632962923,Gemini
Human–Nature Relationship,Rakhine,Santal,0.06347110486253005,Gemini
Human–Nature Relationship,Rakhine,Tripura,0.06029650633525585,Gemini
Human–Nature Relationship,Santal,Tripura,0.05315082793835446,Gemini
Moral Transgression and Consequence,Bengali,Chakma,0.07882711938803144,Gemini
Moral Transgression and Consequence,Bengali,Garo (Mandi),0.10041638085163762,Gemini
Moral Transgression and Consequence,Bengali,Hajong,0.07359885733537153,Gemini
Moral Transgression and Consequence,Bengali,Khasi,0.09786967249855028,Gemini
Moral Transgression and Consequence,Bengali,Manipuri (Meitei),0.10266135925026876,Gemini
Moral Transgression and Consequence,Bengali,Marma,0.08484960609413217,Gemini
Moral Transgression and Consequence,Bengali,Mro,0.08439294238425876,Gemini
Moral Transgression and Consequence,Bengali,Oraon (Kurukh),0.08758434081621647,Gemini
Moral Transgression and Consequence,Bengali,Rakhine,0.08120706277368772,Gemini
Moral Transgression and Consequence,Bengali,Santal,0.07797251359459023,Gemini
Moral Transgression and Consequence,Bengali,Tripura,0.07524219827334044,Gemini
Moral Transgression and Consequence,Chakma,Garo (Mandi),0.06132686437979595,Gemini
Moral Transgression and Consequence,Chakma,Hajong,0.06334761551231505,Gemini
Moral Transgression and Consequence,Chakma,Khasi,0.06611361965958229,Gemini
Moral Transgression and Consequence,Chakma,Manipuri (Meitei),0.09425609624633213,Gemini
Moral Transgression and Consequence,Chakma,Marma,0.05769983364339759,Gemini
Moral Transgression and Consequence,Chakma,Mro,0.05720797843703862,Gemini
Moral Transgression and Consequence,Chakma,Oraon (Kurukh),0.06498008930638433,Gemini
Moral Transgression and Consequence,Chakma,Rakhine,0.0683644711368121,Gemini
Moral Transgression and Consequence,Chakma,Santal,0.0660281292908026,Gemini
Moral Transgression and Consequence,Chakma,Tripura,0.04770131352722584,Gemini
Moral Transgression and Consequence,Garo (Mandi),Hajong,0.07706836853366772,Gemini
Moral Transgression and Consequence,Garo (Mandi),Khasi,0.06750938560034914,Gemini
Moral Transgression and Consequence,Garo (Mandi),Manipuri (Meitei),0.09312336126922605,Gemini
Moral Transgression and Consequence,Garo (Mandi),Marma,0.06296673250157403,Gemini
Moral Transgression and Consequence,Garo (Mandi),Mro,0.05664573521221006,Gemini
Moral Transgression and Consequence,Garo (Mandi),Oraon (Kurukh),0.07989453087792475,Gemini
Moral Transgression and Consequence,Garo (Mandi),Rakhine,0.08773735754937129,Gemini
Moral Transgression and Consequence,Garo (Mandi),Santal,0.07733508929458588,Gemini
Moral Transgression and Consequence,Garo (Mandi),Tripura,0.056097828101826064,Gemini
Moral Transgression and Consequence,Hajong,Khasi,0.07305790593149342,Gemini
Moral Transgression and Consequence,Hajong,Manipuri (Meitei),0.09045437809027779,Gemini
Moral Transgression and Consequence,Hajong,Marma,0.06258704290335515,Gemini
Moral Transgression and Consequence,Hajong,Mro,0.06509210608941085,Gemini
Moral Transgression and Consequence,Hajong,Oraon (Kurukh),0.06323509266266847,Gemini
Moral Transgression and Consequence,Hajong,Rakhine,0.08258749967839873,Gemini
Moral Transgression and Consequence,Hajong,Santal,0.06259866991051277,Gemini
Moral Transgression and Consequence,Hajong,Tripura,0.0527465725204479,Gemini
Moral Transgression and Consequence,Khasi,Manipuri (Meitei),0.09448221401395318,Gemini
Moral Transgression and Consequence,Khasi,Marma,0.0660568070069858,Gemini
Moral Transgression and Consequence,Khasi,Mro,0.05139364891994613,Gemini
Moral Transgression and Consequence,Khasi,Oraon (Kurukh),0.07483162473985328,Gemini
Moral Transgression and Consequence,Khasi,Rakhine,0.08644374801379118,Gemini
Moral Transgression and Consequence,Khasi,Santal,0.07172074332568501,Gemini
Moral Transgression and Consequence,Khasi,Tripura,0.043561689564144856,Gemini
Moral Transgression and Consequence,Manipuri (Meitei),Marma,0.0783624114192103,Gemini
Moral Transgression and Consequence,Manipuri (Meitei),Mro,0.07685117507911787,Gemini
Moral Transgression and Consequence,Manipuri (Meitei),Oraon (Kurukh),0.09412712294830972,Gemini
Moral Transgression and Consequence,Manipuri (Meitei),Rakhine,0.08419517589391479,Gemini
Moral Transgression and Consequence,Manipuri (Meitei),Santal,0.09710286645366706,Gemini
Moral Transgression and Consequence,Manipuri (Meitei),Tripura,0.08406299506713089,Gemini
Moral Transgression and Consequence,Marma,Mro,0.048248200121227325,Gemini
Moral Transgression and Consequence,Marma,Oraon (Kurukh),0.07369600303416923,Gemini
Moral Transgression and Consequence,Marma,Rakhine,0.048572174313376015,Gemini
Moral Transgression and Consequence,Marma,Santal,0.07627162625017359,Gemini
Moral Transgression and Consequence,Marma,Tripura,0.05873903486456866,Gemini
Moral Transgression and Consequence,Mro,Oraon (Kurukh),0.07085104742640214,Gemini
Moral Transgression and Consequence,Mro,Rakhine,0.07622673955708648,Gemini
Moral Transgression and Consequence,Mro,Santal,0.07492060648978571,Gemini
Moral Transgression and Consequence,Mro,Tripura,0.037206086994367005,Gemini
Moral Transgression and Consequence,Oraon (Kurukh),Rakhine,0.08793759385163724,Gemini
Moral Transgression and Consequence,Oraon (Kurukh),Santal,0.0486986366710338,Gemini
Moral Transgression and Consequence,Oraon (Kurukh),Tripura,0.06065009174526914,Gemini
Moral Transgression and Consequence,Rakhine,Santal,0.08403645151186057,Gemini
Moral Transgression and Consequence,Rakhine,Tripura,0.07799153392642966,Gemini
Moral Transgression and Consequence,Santal,Tripura,0.061148765653444626,Gemini
Origin Story,Bengali,Chakma,0.0846176710432538,Gemini
Origin Story,Bengali,Garo (Mandi),0.08575279414076165,Gemini
Origin Story,Bengali,Hajong,0.09351837555710929,Gemini
Origin Story,Bengali,Khasi,0.09327916169562345,Gemini
Origin Story,Bengali,Manipuri (Meitei),0.08775025705878836,Gemini
Origin Story,Bengali,Marma,0.08961202260304235,Gemini
Origin Story,Bengali,Mro,0.07685762848232391,Gemini
Origin Story,Bengali,Oraon (Kurukh),0.08749373562435903,Gemini
Origin Story,Bengali,Rakhine,0.10036926295224413,Gemini
Origin Story,Bengali,Santal,0.07196525281127109,Gemini
Origin Story,Bengali,Tripura,0.08288092067436947,Gemini
Origin Story,Chakma,Garo (Mandi),0.05783834999780757,Gemini
Origin Story,Chakma,Hajong,0.07693648182428836,Gemini
Origin Story,Chakma,Khasi,0.0639806334706624,Gemini
Origin Story,Chakma,Manipuri (Meitei),0.08199228178198525,Gemini
Origin Story,Chakma,Marma,0.05308071937687808,Gemini
Origin Story,Chakma,Mro,0.052286553408410597,Gemini
Origin Story,Chakma,Oraon (Kurukh),0.08755761338522261,Gemini
Origin Story,Chakma,Rakhine,0.09333277286927344,Gemini
Origin Story,Chakma,Santal,0.07955351085885787,Gemini
Origin Story,Chakma,Tripura,0.05581851740957322,Gemini
Origin Story,Garo (Mandi),Hajong,0.08260966387492397,Gemini
Origin Story,Garo (Mandi),Khasi,0.06768554906591784,Gemini
Origin Story,Garo (Mandi),Manipuri (Meitei),0.08419278046583589,Gemini
Origin Story,Garo (Mandi),Marma,0.0650829245361102,Gemini
Origin Story,Garo (Mandi),Mro,0.0619229255076329,Gemini
Origin Story,Garo (Mandi),Oraon (Kurukh),0.07678874356717214,Gemini
Origin Story,Garo (Mandi),Rakhine,0.09774540776195195,Gemini
Origin Story,Garo (Mandi),Santal,0.06824320236915571,Gemini
Origin Story,Garo (Mandi),Tripura,0.07276869779418449,Gemini
Origin Story,Hajong,Khasi,0.08775456291857942,Gemini
Origin Story,Hajong,Manipuri (Meitei),0.09461575900744945,Gemini
Origin Story,Hajong,Marma,0.08464251497697528,Gemini
Origin Story,Hajong,Mro,0.07683968636634764,Gemini
Origin Story,Hajong,Oraon (Kurukh),0.09870573041238173,Gemini
Origin Story,Hajong,Rakhine,0.11227441680063488,Gemini
Origin Story,Hajong,Santal,0.08339994450370325,Gemini
Origin Story,Hajong,Tripura,0.09894632452975327,Gemini
Origin Story,Khasi,Manipuri (Meitei),0.08415576709143291,Gemini
Origin Story,Khasi,Marma,0.07082009890566177,Gemini
Origin Story,Khasi,Mro,0.07015123004463986,Gemini
Origin Story,Khasi,Oraon (Kurukh),0.09247019247235222,Gemini
Origin Story,Khasi,Rakhine,0.11054263669618647,Gemini
Origin Story,Khasi,Santal,0.09338053837083349,Gemini
Origin Story,Khasi,Tripura,0.07597030675438776,Gemini
Origin Story,Manipuri (Meitei),Marma,0.08327547390163004,Gemini
Origin Story,Manipuri (Meitei),Mro,0.07634709509887305,Gemini
Origin Story,Manipuri (Meitei),Oraon (Kurukh),0.09796465208590532,Gemini
Origin Story,Manipuri (Meitei),Rakhine,0.10699427202421952,Gemini
Origin Story,Manipuri (Meitei),Santal,0.10141129977051078,Gemini
Origin Story,Manipuri (Meitei),Tripura,0.08855910024742475,Gemini
Origin Story,Marma,Mro,0.05197887016308034,Gemini
Origin Story,Marma,Oraon (Kurukh),0.08985069671204049,Gemini
Origin Story,Marma,Rakhine,0.08538638219195105,Gemini
Origin Story,Marma,Santal,0.06896890439213921,Gemini
Origin Story,Marma,Tripura,0.07540992024958415,Gemini
Origin Story,Mro,Oraon (Kurukh),0.07111974794109421,Gemini
Origin Story,Mro,Rakhine,0.09799632916654932,Gemini
Origin Story,Mro,Santal,0.06306848321555703,Gemini
Origin Story,Mro,Tripura,0.0702854942577894,Gemini
Origin Story,Oraon (Kurukh),Rakhine,0.11985862416758497,Gemini
Origin Story,Oraon (Kurukh),Santal,0.058644115055961454,Gemini
Origin Story,Oraon (Kurukh),Tripura,0.09467026599955042,Gemini
Origin Story,Rakhine,Santal,0.1134202330486126,Gemini
Origin Story,Rakhine,Tripura,0.1028477809977989,Gemini
Origin Story,Santal,Tripura,0.0851419707231913,Gemini
Rite of Passage,Bengali,Chakma,0.0869408204548382,Gemini
Rite of Passage,Bengali,Garo (Mandi),0.08906491746807277,Gemini
Rite of Passage,Bengali,Hajong,0.08434730453415606,Gemini
Rite of Passage,Bengali,Khasi,0.0972146585939564,Gemini
Rite of Passage,Bengali,Manipuri (Meitei),0.10613267809898008,Gemini
Rite of Passage,Bengali,Marma,0.09520193985200198,Gemini
Rite of Passage,Bengali,Mro,0.09203154815512737,Gemini
Rite of Passage,Bengali,Oraon (Kurukh),0.10362913745786029,Gemini
Rite of Passage,Bengali,Rakhine,0.0914007966696554,Gemini
Rite of Passage,Bengali,Santal,0.10535613692078849,Gemini
Rite of Passage,Bengali,Tripura,0.07350141821463263,Gemini
Rite of Passage,Chakma,Garo (Mandi),0.05739192213745259,Gemini
Rite of Passage,Chakma,Hajong,0.07376800456259247,Gemini
Rite of Passage,Chakma,Khasi,0.06696048347464323,Gemini
Rite of Passage,Chakma,Manipuri (Meitei),0.09690545581971766,Gemini
Rite of Passage,Chakma,Marma,0.054691364099577866,Gemini
Rite of Passage,Chakma,Mro,0.05007008832007631,Gemini
Rite of Passage,Chakma,Oraon (Kurukh),0.07514619905550568,Gemini
Rite of Passage,Chakma,Rakhine,0.09291091831807285,Gemini
Rite of Passage,Chakma,Santal,0.07800506890286718,Gemini
Rite of Passage,Chakma,Tripura,0.060646479161202915,Gemini
Rite of Passage,Garo (Mandi),Hajong,0.0718733057610732,Gemini
Rite of Passage,Garo (Mandi),Khasi,0.0553243134083109,Gemini
Rite of Passage,Garo (Mandi),Manipuri (Meitei),0.08718561966881566,Gemini
Rite of Passage,Garo (Mandi),Marma,0.06394702997064328,Gemini
Rite of Passage,Garo (Mandi),Mro,0.06229670234130269,Gemini
Rite of Passage,Garo (Mandi),Oraon (Kurukh),0.07749088609900556,Gemini
Rite of Passage,Garo (Mandi),Rakhine,0.10384255143512944,Gemini
Rite of Passage,Garo (Mandi),Santal,0.07337364611357344,Gemini
Rite of Passage,Garo (Mandi),Tripura,0.05979908450417537,Gemini
Rite of Passage,Hajong,Khasi,0.06949415752891441,Gemini
Rite of Passage,Hajong,Manipuri (Meitei),0.09431254427261604,Gemini
Rite of Passage,Hajong,Marma,0.07707868310331356,Gemini
Rite of Passage,Hajong,Mro,0.07908417647498178,Gemini
Rite of Passage,Hajong,Oraon (Kurukh),0.08982378905865385,Gemini
Rite of Passage,Hajong,Rakhine,0.10176925674280546,Gemini
Rite of Passage,Hajong,Santal,0.09037552588885356,Gemini
Rite of Passage,Hajong,Tripura,0.07112956051487296,Gemini
Rite of Passage,Khasi,Manipuri (Meitei),0.070983599151346,Gemini
Rite of Passage,Khasi,Marma,0.06329235317851456,Gemini
Rite of Passage,Khasi,Mro,0.06685233351627273,Gemini
Rite of Passage,Khasi,Oraon (Kurukh),0.09158056978341322,Gemini
Rite of Passage,Khasi,Rakhine,0.09462248925600936,Gemini
Rite of Passage,Khasi,Santal,0.09939339017636806,Gemini
Rite of Passage,Khasi,Tripura,0.06777141470116999,Gemini
Rite of Passage,Manipuri (Meitei),Marma,0.07176787356328052,Gemini
Rite of Passage,Manipuri (Meitei),Mro,0.095322574011807,Gemini
Rite of Passage,Manipuri (Meitei),Oraon (Kurukh),0.11700553184604712,Gemini
Rite of Passage,Manipuri (Meitei),Rakhine,0.09947658615856436,Gemini
Rite of Passage,Manipuri (Meitei),Santal,0.1160379566741383,Gemini
Rite of Passage,Manipuri (Meitei),Tripura,0.07657191570703514,Gemini
Rite of Passage,Marma,Mro,0.05444092797335731,Gemini
Rite of Passage,Marma,Oraon (Kurukh),0.0881941476437551,Gemini
Rite of Passage,Marma,Rakhine,0.06951329610073964,Gemini
Rite of Passage,Marma,Santal,0.08569037782425482,Gemini
Rite of Passage,Marma,Tripura,0.0648421948404212,Gemini
Rite of Passage,Mro,Oraon (Kurukh),0.0734797864814648,Gemini
Rite of Passage,Mro,Rakhine,0.09711701680132856,Gemini
Rite of Passage,Mro,Santal,0.07529913580428771,Gemini
Rite of Passage,Mro,Tripura,0.06961059964086014,Gemini
Rite of Passage,Oraon (Kurukh),Rakhine,0.10859223932195883,Gemini
Rite of Passage,Oraon (Kurukh),Santal,0.06536526277960242,Gemini
Rite of Passage,Oraon (Kurukh),Tripura,0.08940972691667326,Gemini
Rite of Passage,Rakhine,Santal,0.11535912521564429,Gemini
Rite of Passage,Rakhine,Tripura,0.0841887155531269,Gemini
Rite of Passage,Santal,Tripura,0.08596642551940914,Gemini
Sacred or Forbidden Space,Bengali,Chakma,0.08512630617662231,Gemini
Sacred or Forbidden Space,Bengali,Garo (Mandi),0.07665072835279207,Gemini
Sacred or Forbidden Space,Bengali,Hajong,0.06307918220824715,Gemini
Sacred or Forbidden Space,Bengali,Khasi,0.07443106238853192,Gemini
Sacred or Forbidden Space,Bengali,Manipuri (Meitei),0.08129449596771876,Gemini
Sacred or Forbidden Space,Bengali,Marma,0.0739279526902713,Gemini
Sacred or Forbidden Space,Bengali,Mro,0.078287197684897,Gemini
Sacred or Forbidden Space,Bengali,Oraon (Kurukh),0.07795825362149744,Gemini
Sacred or Forbidden Space,Bengali,Rakhine,0.07588275338776596,Gemini
Sacred or Forbidden Space,Bengali,Santal,0.07430186800541827,Gemini
Sacred or Forbidden Space,Bengali,Tripura,0.07623828559039003,Gemini
Sacred or Forbidden Space,Chakma,Garo (Mandi),0.05602048697358497,Gemini
Sacred or Forbidden Space,Chakma,Hajong,0.06025369844223649,Gemini
Sacred or Forbidden Space,Chakma,Khasi,0.06205964956878207,Gemini
Sacred or Forbidden Space,Chakma,Manipuri (Meitei),0.09623133045128729,Gemini
Sacred or Forbidden Space,Chakma,Marma,0.060941253769835946,Gemini
Sacred or Forbidden Space,Chakma,Mro,0.0507539554129377,Gemini
Sacred or Forbidden Space,Chakma,Oraon (Kurukh),0.06098453007453952,Gemini
Sacred or Forbidden Space,Chakma,Rakhine,0.07606831122446689,Gemini
Sacred or Forbidden Space,Chakma,Santal,0.07448950305561008,Gemini
Sacred or Forbidden Space,Chakma,Tripura,0.059107030066168575,Gemini
Sacred or Forbidden Space,Garo (Mandi),Hajong,0.05082996264308648,Gemini
Sacred or Forbidden Space,Garo (Mandi),Khasi,0.05973584252557229,Gemini
Sacred or Forbidden Space,Garo (Mandi),Manipuri (Meitei),0.0786678363425466,Gemini
Sacred or Forbidden Space,Garo (Mandi),Marma,0.07579993379502126,Gemini
Sacred or Forbidden Space,Garo (Mandi),Mro,0.05901619039395145,Gemini
Sacred or Forbidden Space,Garo (Mandi),Oraon (Kurukh),0.06290222478717533,Gemini
Sacred or Forbidden Space,Garo (Mandi),Rakhine,0.0795927055708312,Gemini
Sacred or Forbidden Space,Garo (Mandi),Santal,0.06268117168219167,Gemini
Sacred or Forbidden Space,Garo (Mandi),Tripura,0.06326278253528261,Gemini
Sacred or Forbidden Space,Hajong,Khasi,0.050964451693035095,Gemini
Sacred or Forbidden Space,Hajong,Manipuri (Meitei),0.07048739532532,Gemini
Sacred or Forbidden Space,Hajong,Marma,0.06283598874612617,Gemini
Sacred or Forbidden Space,Hajong,Mro,0.058926084330115036,Gemini
Sacred or Forbidden Space,Hajong,Oraon (Kurukh),0.063688354717362,Gemini
Sacred or Forbidden Space,Hajong,Rakhine,0.06425188452696051,Gemini
Sacred or Forbidden Space,Hajong,Santal,0.0616118479953337,Gemini
Sacred or Forbidden Space,Hajong,Tripura,0.05952795020494972,Gemini
Sacred or Forbidden Space,Khasi,Manipuri (Meitei),0.07444232947367657,Gemini
Sacred or Forbidden Space,Khasi,Marma,0.06528705422879555,Gemini
Sacred or Forbidden Space,Khasi,Mro,0.06082599266958355,Gemini
Sacred or Forbidden Space,Khasi,Oraon (Kurukh),0.06812622456477357,Gemini
Sacred or Forbidden Space,Khasi,Rakhine,0.07060353407119946,Gemini
Sacred or Forbidden Space,Khasi,Santal,0.07455843046504296,Gemini
Sacred or Forbidden Space,Khasi,Tripura,0.05633537549335821,Gemini
Sacred or Forbidden Space,Manipuri (Meitei),Marma,0.07765043019811924,Gemini
Sacred or Forbidden Space,Manipuri (Meitei),Mro,0.07732092542978597,Gemini
Sacred or Forbidden Space,Manipuri (Meitei),Oraon (Kurukh),0.0958076049250739,Gemini
Sacred or Forbidden Space,Manipuri (Meitei),Rakhine,0.05990459895507805,Gemini
Sacred or Forbidden Space,Manipuri (Meitei),Santal,0.09735897760278656,Gemini
Sacred or Forbidden Space,Manipuri (Meitei),Tripura,0.07593163567527128,Gemini
Sacred or Forbidden Space,Marma,Mro,0.052059872396556184,Gemini
Sacred or Forbidden Space,Marma,Oraon (Kurukh),0.07464165460671135,Gemini
Sacred or Forbidden Space,Marma,Rakhine,0.05307167932635093,Gemini
Sacred or Forbidden Space,Marma,Santal,0.08132217579396184,Gemini
Sacred or Forbidden Space,Marma,Tripura,0.06420260123046706,Gemini
Sacred or Forbidden Space,Mro,Oraon (Kurukh),0.07037459396878953,Gemini
Sacred or Forbidden Space,Mro,Rakhine,0.0642358190834279,Gemini
Sacred or Forbidden Space,Mro,Santal,0.07715224963598466,Gemini
Sacred or Forbidden Space,Mro,Tripura,0.06324255817475188,Gemini
Sacred or Forbidden Space,Oraon (Kurukh),Rakhine,0.09408296535846938,Gemini
Sacred or Forbidden Space,Oraon (Kurukh),Santal,0.052754738203772744,Gemini
Sacred or Forbidden Space,Oraon (Kurukh),Tripura,0.06250916857467959,Gemini
Sacred or Forbidden Space,Rakhine,Santal,0.08594128383084909,Gemini
Sacred or Forbidden Space,Rakhine,Tripura,0.07601870087745477,Gemini
Sacred or Forbidden Space,Santal,Tripura,0.07323616437038571,Gemini
Trickster or Clever Figure,Bengali,Chakma,0.06866221789592408,Gemini
Trickster or Clever Figure,Bengali,Garo (Mandi),0.07356548166941979,Gemini
Trickster or Clever Figure,Bengali,Hajong,0.057876821197036854,Gemini
Trickster or Clever Figure,Bengali,Khasi,0.07263669883178636,Gemini
Trickster or Clever Figure,Bengali,Manipuri (Meitei),0.08071776191983282,Gemini
Trickster or Clever Figure,Bengali,Marma,0.07217559945983443,Gemini
Trickster or Clever Figure,Bengali,Mro,0.07713518710165568,Gemini
Trickster or Clever Figure,Bengali,Oraon (Kurukh),0.05448741441236549,Gemini
Trickster or Clever Figure,Bengali,Rakhine,0.07869567000011923,Gemini
Trickster or Clever Figure,Bengali,Santal,0.07356100130588761,Gemini
Trickster or Clever Figure,Bengali,Tripura,0.052405223930727884,Gemini
Trickster or Clever Figure,Chakma,Garo (Mandi),0.062277086219674205,Gemini
Trickster or Clever Figure,Chakma,Hajong,0.06944963094756473,Gemini
Trickster or Clever Figure,Chakma,Khasi,0.0687212697808316,Gemini
Trickster or Clever Figure,Chakma,Manipuri (Meitei),0.08649406370703139,Gemini
Trickster or Clever Figure,Chakma,Marma,0.05745334108589406,Gemini
Trickster or Clever Figure,Chakma,Mro,0.06108305919716239,Gemini
Trickster or Clever Figure,Chakma,Oraon (Kurukh),0.07028128004442924,Gemini
Trickster or Clever Figure,Chakma,Rakhine,0.08142064884504596,Gemini
Trickster or Clever Figure,Chakma,Santal,0.07874741615956404,Gemini
Trickster or Clever Figure,Chakma,Tripura,0.04720491470439625,Gemini
Trickster or Clever Figure,Garo (Mandi),Hajong,0.04943661269522792,Gemini
Trickster or Clever Figure,Garo (Mandi),Khasi,0.057880184026969594,Gemini
Trickster or Clever Figure,Garo (Mandi),Manipuri (Meitei),0.07536260534950046,Gemini
Trickster or Clever Figure,Garo (Mandi),Marma,0.0489805934320956,Gemini
Trickster or Clever Figure,Garo (Mandi),Mro,0.04370545531799164,Gemini
Trickster or Clever Figure,Garo (Mandi),Oraon (Kurukh),0.06225098301646914,Gemini
Trickster or Clever Figure,Garo (Mandi),Rakhine,0.07710332654864849,Gemini
Trickster or Clever Figure,Garo (Mandi),Santal,0.06590672448420865,Gemini
Trickster or Clever Figure,Garo (Mandi),Tripura,0.05138076498649691,Gemini
Trickster or Clever Figure,Hajong,Khasi,0.06169045400107531,Gemini
Trickster or Clever Figure,Hajong,Manipuri (Meitei),0.07269471265318739,Gemini
Trickster or Clever Figure,Hajong,Marma,0.057913960018667,Gemini
Trickster or Clever Figure,Hajong,Mro,0.05695221591199162,Gemini
Trickster or Clever Figure,Hajong,Oraon (Kurukh),0.0497717693909665,Gemini
Trickster or Clever Figure,Hajong,Rakhine,0.07095900990233206,Gemini
Trickster or Clever Figure,Hajong,Santal,0.055403907098644845,Gemini
Trickster or Clever Figure,Hajong,Tripura,0.0541757361286308,Gemini
Trickster or Clever Figure,Khasi,Manipuri (Meitei),0.0827002760873764,Gemini
Trickster or Clever Figure,Khasi,Marma,0.06415452337666949,Gemini
Trickster or Clever Figure,Khasi,Mro,0.06090935134227182,Gemini
Trickster or Clever Figure,Khasi,Oraon (Kurukh),0.058257489525485484,Gemini
Trickster or Clever Figure,Khasi,Rakhine,0.09278993532316226,Gemini
Trickster or Clever Figure,Khasi,Santal,0.07359854633128637,Gemini
Trickster or Clever Figure,Khasi,Tripura,0.059501833924977765,Gemini
Trickster or Clever Figure,Manipuri (Meitei),Marma,0.06828491885273769,Gemini
Trickster or Clever Figure,Manipuri (Meitei),Mro,0.07471551128492726,Gemini
Trickster or Clever Figure,Manipuri (Meitei),Oraon (Kurukh),0.07856871973139934,Gemini
Trickster or Clever Figure,Manipuri (Meitei),Rakhine,0.07835765253380256,Gemini
Trickster or Clever Figure,Manipuri (Meitei),Santal,0.08816861210567217,Gemini
Trickster or Clever Figure,Manipuri (Meitei),Tripura,0.0690313295425431,Gemini
Trickster or Clever Figure,Marma,Mro,0.0342974267691023,Gemini
Trickster or Clever Figure,Marma,Oraon (Kurukh),0.06232961824945915,Gemini
Trickster or Clever Figure,Marma,Rakhine,0.06833986153167426,Gemini
Trickster or Clever Figure,Marma,Santal,0.0658003427556062,Gemini
Trickster or Clever Figure,Marma,Tripura,0.05154632854176999,Gemini
Trickster or Clever Figure,Mro,Oraon (Kurukh),0.0679848885700639,Gemini
Trickster or Clever Figure,Mro,Rakhine,0.07318869853581966,Gemini
Trickster or Clever Figure,Mro,Santal,0.07027676474567146,Gemini
Trickster or Clever Figure,Mro,Tripura,0.05760886810713106,Gemini
Trickster or Clever Figure,Oraon (Kurukh),Rakhine,0.08173862056514802,Gemini
Trickster or Clever Figure,Oraon (Kurukh),Santal,0.05218219880860364,Gemini
Trickster or Clever Figure,Oraon (Kurukh),Tripura,0.054374726203556545,Gemini
Trickster or Clever Figure,Rakhine,Santal,0.08309728456216048,Gemini
Trickster or Clever Figure,Rakhine,Tripura,0.08152107923840135,Gemini
Trickster or Clever Figure,Santal,Tripura,0.061868680548889166,Gemini
Wisdom of an Elder,Bengali,Chakma,0.07507811919294327,Gemini
Wisdom of an Elder,Bengali,Garo (Mandi),0.08237994579676267,Gemini
Wisdom of an Elder,Bengali,Hajong,0.0731417087897126,Gemini
Wisdom of an Elder,Bengali,Khasi,0.08654977741276215,Gemini
Wisdom of an Elder,Bengali,Manipuri (Meitei),0.08132040244093175,Gemini
Wisdom of an Elder,Bengali,Marma,0.08585290149143632,Gemini
Wisdom of an Elder,Bengali,Mro,0.09178582442996341,Gemini
Wisdom of an Elder,Bengali,Oraon (Kurukh),0.08403270776818494,Gemini
Wisdom of an Elder,Bengali,Rakhine,0.09269449543731412,Gemini
Wisdom of an Elder,Bengali,Santal,0.08632018972745736,Gemini
Wisdom of an Elder,Bengali,Tripura,0.06717189763842846,Gemini
Wisdom of an Elder,Chakma,Garo (Mandi),0.051197783800806196,Gemini
Wisdom of an Elder,Chakma,Hajong,0.06261404277970739,Gemini
Wisdom of an Elder,Chakma,Khasi,0.06142660139065104,Gemini
Wisdom of an Elder,Chakma,Manipuri (Meitei),0.07061879696963258,Gemini
Wisdom of an Elder,Chakma,Marma,0.0464014019383,Gemini
Wisdom of an Elder,Chakma,Mro,0.04657364698225308,Gemini
Wisdom of an Elder,Chakma,Oraon (Kurukh),0.06164659854522647,Gemini
Wisdom of an Elder,Chakma,Rakhine,0.09396888694875483,Gemini
Wisdom of an Elder,Chakma,Santal,0.06550053526658517,Gemini
Wisdom of an Elder,Chakma,Tripura,0.04805979501568125,Gemini
Wisdom of an Elder,Garo (Mandi),Hajong,0.0569302744531045,Gemini
Wisdom of an Elder,Garo (Mandi),Khasi,0.058664006466563,Gemini
Wisdom of an Elder,Garo (Mandi),Manipuri (Meitei),0.06175824916113215,Gemini
Wisdom of an Elder,Garo (Mandi),Marma,0.050460757408423484,Gemini
Wisdom of an Elder,Garo (Mandi),Mro,0.04974388515156214,Gemini
Wisdom of an Elder,Garo (Mandi),Oraon (Kurukh),0.052618936420950724,Gemini
Wisdom of an Elder,Garo (Mandi),Rakhine,0.09185731883034731,Gemini
Wisdom of an Elder,Garo (Mandi),Santal,0.05552711388777909,Gemini
Wisdom of an Elder,Garo (Mandi),Tripura,0.053106423247715306,Gemini
Wisdom of an Elder,Hajong,Khasi,0.058476046759201594,Gemini
Wisdom of an Elder,Hajong,Manipuri (Meitei),0.06607075317972677,Gemini
Wisdom of an Elder,Hajong,Marma,0.061917863731742906,Gemini
Wisdom of an Elder,Hajong,Mro,0.06761580672728318,Gemini
Wisdom of an Elder,Hajong,Oraon (Kurukh),0.06452401285642984,Gemini
Wisdom of an Elder,Hajong,Rakhine,0.09010283917602346,Gemini
Wisdom of an Elder,Hajong,Santal,0.06472470136070474,Gemini
Wisdom of an Elder,Hajong,Tripura,0.06559860407768248,Gemini
Wisdom of an Elder,Khasi,Manipuri (Meitei),0.07137141034722572,Gemini
Wisdom of an Elder,Khasi,Marma,0.05528184914787049,Gemini
Wisdom of an Elder,Khasi,Mro,0.06136970106541262,Gemini
Wisdom of an Elder,Khasi,Oraon (Kurukh),0.07363274330441816,Gemini
Wisdom of an Elder,Khasi,Rakhine,0.08820433198694566,Gemini
Wisdom of an Elder,Khasi,Santal,0.07918706146312993,Gemini
Wisdom of an Elder,Khasi,Tripura,0.07644319521539167,Gemini
Wisdom of an Elder,Manipuri (Meitei),Marma,0.06101867864550348,Gemini
Wisdom of an Elder,Manipuri (Meitei),Mro,0.07141951647648948,Gemini
Wisdom of an Elder,Manipuri (Meitei),Oraon (Kurukh),0.07390379923693802,Gemini
Wisdom of an Elder,Manipuri (Meitei),Rakhine,0.08976304422302284,Gemini
Wisdom of an Elder,Manipuri (Meitei),Santal,0.0760953839861992,Gemini
Wisdom of an Elder,Manipuri (Meitei),Tripura,0.07795143869639565,Gemini
Wisdom of an Elder,Marma,Mro,0.04357592337924887,Gemini
Wisdom of an Elder,Marma,Oraon (Kurukh),0.06599173139617165,Gemini
Wisdom of an Elder,Marma,Rakhine,0.06816668335118226,Gemini
Wisdom of an Elder,Marma,Santal,0.06144287047169472,Gemini
Wisdom of an Elder,Marma,Tripura,0.060718449750986614,Gemini
Wisdom of an Elder,Mro,Oraon (Kurukh),0.07076717631039109,Gemini
Wisdom of an Elder,Mro,Rakhine,0.08827690130076582,Gemini
Wisdom of an Elder,Mro,Santal,0.06921493312773397,Gemini
Wisdom of an Elder,Mro,Tripura,0.05433208896202202,Gemini
Wisdom of an Elder,Oraon (Kurukh),Rakhine,0.10090412865195852,Gemini
Wisdom of an Elder,Oraon (Kurukh),Santal,0.049281251912194235,Gemini
Wisdom of an Elder,Oraon (Kurukh),Tripura,0.06401573210798372,Gemini
Wisdom of an Elder,Rakhine,Santal,0.10520365472949078,Gemini
Wisdom of an Elder,Rakhine,Tripura,0.09652129990532388,Gemini
Wisdom of an Elder,Santal,Tripura,0.05993591243430574,Gemini
Change and Continuity,Bengali,Chakma,0.18069736478764964,OpenAI-Large
Change and Continuity,Bengali,Garo (Mandi),0.2179709167291285,OpenAI-Large
Change and Continuity,Bengali,Hajong,0.17222271792134702,OpenAI-Large
Change and Continuity,Bengali,Khasi,0.17900460222126446,OpenAI-Large
Change and Continuity,Bengali,Manipuri (Meitei),0.226748780481154,OpenAI-Large
Change and Continuity,Bengali,Marma,0.18333265170759405,OpenAI-Large
Change and Continuity,Bengali,Mro,0.2511394834540762,OpenAI-Large
Change and Continuity,Bengali,Oraon (Kurukh),0.20218796115236748,OpenAI-Large
Change and Continuity,Bengali,Rakhine,0.1896702522289342,OpenAI-Large
Change and Continuity,Bengali,Santal,0.1854302598573373,OpenAI-Large
Change and Continuity,Bengali,Tripura,0.22558972051154036,OpenAI-Large
Change and Continuity,Chakma,Garo (Mandi),0.16356496548614652,OpenAI-Large
Change and Continuity,Chakma,Hajong,0.15156378457718744,OpenAI-Large
Change and Continuity,Chakma,Khasi,0.1686455693545047,OpenAI-Large
Change and Continuity,Chakma,Manipuri (Meitei),0.21630455807296567,OpenAI-Large
Change and Continuity,Chakma,Marma,0.15576655548505625,OpenAI-Large
Change and Continuity,Chakma,Mro,0.18287644874891384,OpenAI-Large
Change and Continuity,Chakma,Oraon (Kurukh),0.1544694103689188,OpenAI-Large
Change and Continuity,Chakma,Rakhine,0.17566389325642295,OpenAI-Large
Change and Continuity,Chakma,Santal,0.16105525749104188,OpenAI-Large
Change and Continuity,Chakma,Tripura,0.13424702300076674,OpenAI-Large
Change and Continuity,Garo (Mandi),Hajong,0.16460527896231592,OpenAI-Large
Change and Continuity,Garo (Mandi),Khasi,0.15742542279165328,OpenAI-Large
Change and Continuity,Garo (Mandi),Manipuri (Meitei),0.1966087865685674,OpenAI-Large
Change and Continuity,Garo (Mandi),Marma,0.15203640774566163,OpenAI-Large
Change and Continuity,Garo (Mandi),Mro,0.20870864130929956,OpenAI-Large
Change and Continuity,Garo (Mandi),Oraon (Kurukh),0.1810303030079633,OpenAI-Large
Change and Continuity,Garo (Mandi),Rakhine,0.1778254749629743,OpenAI-Large
Change and Continuity,Garo (Mandi),Santal,0.1655046663871631,OpenAI-Large
Change and Continuity,Garo (Mandi),Tripura,0.16963609975261718,OpenAI-Large
Change and Continuity,Hajong,Khasi,0.15472193410599522,OpenAI-Large
Change and Continuity,Hajong,Manipuri (Meitei),0.19190493548314025,OpenAI-Large
Change and Continuity,Hajong,Marma,0.17515501863897642,OpenAI-Large
Change and Continuity,Hajong,Mro,0.17906476402927896,OpenAI-Large
Change and Continuity,Hajong,Oraon (Kurukh),0.16070675978736637,OpenAI-Large
Change and Continuity,Hajong,Rakhine,0.14022055552525448,OpenAI-Large
Change and Continuity,Hajong,Santal,0.1349220870135892,OpenAI-Large
Change and Continuity,Hajong,Tripura,0.17681739135297536,OpenAI-Large
Change and Continuity,Khasi,Manipuri (Meitei),0.22168291884903046,OpenAI-Large
Change and Continuity,Khasi,Marma,0.19056339900817565,OpenAI-Large
Change and Continuity,Khasi,Mro,0.19857081793963116,OpenAI-Large
Change and Continuity,Khasi,Oraon (Kurukh),0.17295094883931483,OpenAI-Large
Change and Continuity,Khasi,Rakhine,0.1665759243823658,OpenAI-Large
Change and Continuity,Khasi,Santal,0.14369518942257709,OpenAI-Large
Change and Continuity,Khasi,Tripura,0.19622725116014428,OpenAI-Large
Change and Continuity,Manipuri (Meitei),Marma,0.2070126802864577,OpenAI-Large
Change and Continuity,Manipuri (Meitei),Mro,0.23659133229108287,OpenAI-Large
Change and Continuity,Manipuri (Meitei),Oraon (Kurukh),0.20057851341414024,OpenAI-Large
Change and Continuity,Manipuri (Meitei),Rakhine,0.18218544908045953,OpenAI-Large
Change and Continuity,Manipuri (Meitei),Santal,0.1925023533262269,OpenAI-Large
Change and Continuity,Manipuri (Meitei),Tripura,0.2307102576099348,OpenAI-Large
Change and Continuity,Marma,Mro,0.1805913313476929,OpenAI-Large
Change and Continuity,Marma,Oraon (Kurukh),0.19697030535848903,OpenAI-Large
Change and Continuity,Marma,Rakhine,0.18239668425611455,OpenAI-Large
Change and Continuity,Marma,Santal,0.19400053172601028,OpenAI-Large
Change and Continuity,Marma,Tripura,0.19437374975333144,OpenAI-Large
Change and Continuity,Mro,Oraon (Kurukh),0.1996554893150837,OpenAI-Large
Change and Continuity,Mro,Rakhine,0.2025605362570978,OpenAI-Large
Change and Continuity,Mro,Santal,0.1779555006549821,OpenAI-Large
Change and Continuity,Mro,Tripura,0.2092321415013435,OpenAI-Large
Change and Continuity,Oraon (Kurukh),Rakhine,0.19468328381937894,OpenAI-Large
Change and Continuity,Oraon (Kurukh),Santal,0.12945546035689193,OpenAI-Large
Change and Continuity,Oraon (Kurukh),Tripura,0.20976399253745626,OpenAI-Large
Change and Continuity,Rakhine,Santal,0.1866136573535876,OpenAI-Large
Change and Continuity,Rakhine,Tripura,0.20648120234615064,OpenAI-Large
Change and Continuity,Santal,Tripura,0.1956617510154003,OpenAI-Large
Community Crisis,Bengali,Chakma,0.13834059179417613,OpenAI-Large
Community Crisis,Bengali,Garo (Mandi),0.17807019520733058,OpenAI-Large
Community Crisis,Bengali,Hajong,0.17240698599723425,OpenAI-Large
Community Crisis,Bengali,Khasi,0.1628643360031281,OpenAI-Large
Community Crisis,Bengali,Manipuri (Meitei),0.14130067809322766,OpenAI-Large
Community Crisis,Bengali,Marma,0.17203139347124574,OpenAI-Large
Community Crisis,Bengali,Mro,0.161773959754981,OpenAI-Large
Community Crisis,Bengali,Oraon (Kurukh),0.13107503974627321,OpenAI-Large
Community Crisis,Bengali,Rakhine,0.18763331684985185,OpenAI-Large
Community Crisis,Bengali,Santal,0.12051675253186067,OpenAI-Large
Community Crisis,Bengali,Tripura,0.15879385900107434,OpenAI-Large
Community Crisis,Chakma,Garo (Mandi),0.1453168570510769,OpenAI-Large
Community Crisis,Chakma,Hajong,0.16599669697268826,OpenAI-Large
Community Crisis,Chakma,Khasi,0.14098543824851562,OpenAI-Large
Community Crisis,Chakma,Manipuri (Meitei),0.16824608457307955,OpenAI-Large
Community Crisis,Chakma,Marma,0.13208006849612763,OpenAI-Large
Community Crisis,Chakma,Mro,0.13343228717205324,OpenAI-Large
Community Crisis,Chakma,Oraon (Kurukh),0.14115375724707635,OpenAI-Large
Community Crisis,Chakma,Rakhine,0.18262831826549952,OpenAI-Large
Community Crisis,Chakma,Santal,0.13474661210937255,OpenAI-Large
Community Crisis,Chakma,Tripura,0.14308366419057517,OpenAI-Large
Community Crisis,Garo (Mandi),Hajong,0.16625143690523247,OpenAI-Large
Community Crisis,Garo (Mandi),Khasi,0.19493914468820195,OpenAI-Large
Community Crisis,Garo (Mandi),Manipuri (Meitei),0.17004511230725594,OpenAI-Large
Community Crisis,Garo (Mandi),Marma,0.1304880014828267,OpenAI-Large
Community Crisis,Garo (Mandi),Mro,0.16184316485308337,OpenAI-Large
Community Crisis,Garo (Mandi),Oraon (Kurukh),0.16404462975735334,OpenAI-Large
Community Crisis,Garo (Mandi),Rakhine,0.1988359213208113,OpenAI-Large
Community Crisis,Garo (Mandi),Santal,0.16890576543655567,OpenAI-Large
Community Crisis,Garo (Mandi),Tripura,0.18661912373291656,OpenAI-Large
Community Crisis,Hajong,Khasi,0.187228248123942,OpenAI-Large
Community Crisis,Hajong,Manipuri (Meitei),0.1729821852156005,OpenAI-Large
Community Crisis,Hajong,Marma,0.14080345630008673,OpenAI-Large
Community Crisis,Hajong,Mro,0.17798572655367895,OpenAI-Large
Community Crisis,Hajong,Oraon (Kurukh),0.17539186913988736,OpenAI-Large
Community Crisis,Hajong,Rakhine,0.20388138605513428,OpenAI-Large
Community Crisis,Hajong,Santal,0.16140119897403105,OpenAI-Large
Community Crisis,Hajong,Tripura,0.1975838797230436,OpenAI-Large
Community Crisis,Khasi,Manipuri (Meitei),0.17035096674014238,OpenAI-Large
Community Crisis,Khasi,Marma,0.17151881648368117,OpenAI-Large
Community Crisis,Khasi,Mro,0.11725620714568452,OpenAI-Large
Community Crisis,Khasi,Oraon (Kurukh),0.1653428565168027,OpenAI-Large
Community Crisis,Khasi,Rakhine,0.2103365750142019,OpenAI-Large
Community Crisis,Khasi,Santal,0.16740787901735243,OpenAI-Large
Community Crisis,Khasi,Tripura,0.16749521806054202,OpenAI-Large
Community Crisis,Manipuri (Meitei),Marma,0.1499513485941235,OpenAI-Large
Community Crisis,Manipuri (Meitei),Mro,0.1647980001853835,OpenAI-Large
Community Crisis,Manipuri (Meitei),Oraon (Kurukh),0.1578926179909369,OpenAI-Large
Community Crisis,Manipuri (Meitei),Rakhine,0.20948228629543197,OpenAI-Large
Community Crisis,Manipuri (Meitei),Santal,0.1564275312516954,OpenAI-Large
Community Crisis,Manipuri (Meitei),Tripura,0.18394926479507445,OpenAI-Large
Community Crisis,Marma,Mro,0.11569981048686118,OpenAI-Large
Community Crisis,Marma,Oraon (Kurukh),0.1499113235809606,OpenAI-Large
Community Crisis,Marma,Rakhine,0.1975037181714162,OpenAI-Large
Community Crisis,Marma,Santal,0.16255728348123089,OpenAI-Large
Community Crisis,Marma,Tripura,0.15845910929736284,OpenAI-Large
Community Crisis,Mro,Oraon (Kurukh),0.17295535880689272,OpenAI-Large
Community Crisis,Mro,Rakhine,0.21178050027755435,OpenAI-Large
Community Crisis,Mro,Santal,0.1639851650461085,OpenAI-Large
Community Crisis,Mro,Tripura,0.1493980887624069,OpenAI-Large
Community Crisis,Oraon (Kurukh),Rakhine,0.19639319285595036,OpenAI-Large
Community Crisis,Oraon (Kurukh),Santal,0.13803885442723696,OpenAI-Large
Community Crisis,Oraon (Kurukh),Tripura,0.1695218340106015,OpenAI-Large
Community Crisis,Rakhine,Santal,0.186136993316095,OpenAI-Large
Community Crisis,Rakhine,Tripura,0.18888838002939423,OpenAI-Large
Community Crisis,Santal,Tripura,0.15997143296704608,OpenAI-Large
Everyday Life Narrative,Bengali,Chakma,0.16585617293822807,OpenAI-Large
Everyday Life Narrative,Bengali,Garo (Mandi),0.21045430781562657,OpenAI-Large
Everyday Life Narrative,Bengali,Hajong,0.17090608812537544,OpenAI-Large
Everyday Life Narrative,Bengali,Khasi,0.21892433234674902,OpenAI-Large
Everyday Life Narrative,Bengali,Manipuri (Meitei),0.21817062991282132,OpenAI-Large
Everyday Life Narrative,Bengali,Marma,0.2094403345888297,OpenAI-Large
Everyday Life Narrative,Bengali,Mro,0.19630041759532468,OpenAI-Large
Everyday Life Narrative,Bengali,Oraon (Kurukh),0.16154486421990244,OpenAI-Large
Everyday Life Narrative,Bengali,Rakhine,0.2753620934753388,OpenAI-Large
Everyday Life Narrative,Bengali,Santal,0.2112619915605919,OpenAI-Large
Everyday Life Narrative,Bengali,Tripura,0.23816257750976078,OpenAI-Large
Everyday Life Narrative,Chakma,Garo (Mandi),0.1746042930089493,OpenAI-Large
Everyday Life Narrative,Chakma,Hajong,0.17003133280276672,OpenAI-Large
Everyday Life Narrative,Chakma,Khasi,0.1875133264846991,OpenAI-Large
Everyday Life Narrative,Chakma,Manipuri (Meitei),0.16490867128794495,OpenAI-Large
Everyday Life Narrative,Chakma,Marma,0.18129432179590232,OpenAI-Large
Everyday Life Narrative,Chakma,Mro,0.15910688325884947,OpenAI-Large
Everyday Life Narrative,Chakma,Oraon (Kurukh),0.16381308541450523,OpenAI-Large
Everyday Life Narrative,Chakma,Rakhine,0.21555731541141188,OpenAI-Large
Everyday Life Narrative,Chakma,Santal,0.22186907384208054,OpenAI-Large
Everyday Life Narrative,Chakma,Tripura,0.19259221218445088,OpenAI-Large
Everyday Life Narrative,Garo (Mandi),Hajong,0.21614201043653836,OpenAI-Large
Everyday Life Narrative,Garo (Mandi),Khasi,0.1958795355813081,OpenAI-Large
Everyday Life Narrative,Garo (Mandi),Manipuri (Meitei),0.20709830362823334,OpenAI-Large
Everyday Life Narrative,Garo (Mandi),Marma,0.20002374857797367,OpenAI-Large
Everyday Life Narrative,Garo (Mandi),Mro,0.20297801338798582,OpenAI-Large
Everyday Life Narrative,Garo (Mandi),Oraon (Kurukh),0.19410965465446828,OpenAI-Large
Everyday Life Narrative,Garo (Mandi),Rakhine,0.24065499937338486,OpenAI-Large
Everyday Life Narrative,Garo (Mandi),Santal,0.2223722609071026,OpenAI-Large
Everyday Life Narrative,Garo (Mandi),Tripura,0.24035452406638635,OpenAI-Large
Everyday Life Narrative,Hajong,Khasi,0.20748759302703168,OpenAI-Large
Everyday Life Narrative,Hajong,Manipuri (Meitei),0.19768108528189332,OpenAI-Large
Everyday Life Narrative,Hajong,Marma,0.18025122282472628,OpenAI-Large
Everyday Life Narrative,Hajong,Mro,0.1862125775187211,OpenAI-Large
Everyday Life Narrative,Hajong,Oraon (Kurukh),0.1669906356447204,OpenAI-Large
Everyday Life Narrative,Hajong,Rakhine,0.19810988249032468,OpenAI-Large
Everyday Life Narrative,Hajong,Santal,0.21741032295463336,OpenAI-Large
Everyday Life Narrative,Hajong,Tripura,0.20866413920881566,OpenAI-Large
Everyday Life Narrative,Khasi,Manipuri (Meitei),0.1696591295161205,OpenAI-Large
Everyday Life Narrative,Khasi,Marma,0.20662900600194978,OpenAI-Large
Everyday Life Narrative,Khasi,Mro,0.1798024005810791,OpenAI-Large
Everyday Life Narrative,Khasi,Oraon (Kurukh),0.20132365647959383,OpenAI-Large
Everyday Life Narrative,Khasi,Rakhine,0.2148210210780812,OpenAI-Large
Everyday Life Narrative,Khasi,Santal,0.2124469557901889,OpenAI-Large
Everyday Life Narrative,Khasi,Tripura,0.21368159933314657,OpenAI-Large
Everyday Life Narrative,Manipuri (Meitei),Marma,0.20101481736632598,OpenAI-Large
Everyday Life Narrative,Manipuri (Meitei),Mro,0.19801460136546545,OpenAI-Large
Everyday Life Narrative,Manipuri (Meitei),Oraon (Kurukh),0.1956307890950616,OpenAI-Large
Everyday Life Narrative,Manipuri (Meitei),Rakhine,0.1838656567767103,OpenAI-Large
Everyday Life Narrative,Manipuri (Meitei),Santal,0.22583664186252994,OpenAI-Large
Everyday Life Narrative,Manipuri (Meitei),Tripura,0.20653451899664965,OpenAI-Large
Everyday Life Narrative,Marma,Mro,0.15862196738250056,OpenAI-Large
Everyday Life Narrative,Marma,Oraon (Kurukh),0.17262425016825478,OpenAI-Large
Everyday Life Narrative,Marma,Rakhine,0.22893650781582353,OpenAI-Large
Everyday Life Narrative,Marma,Santal,0.22734657191136343,OpenAI-Large
Everyday Life Narrative,Marma,Tripura,0.1722571923327363,OpenAI-Large
Everyday Life Narrative,Mro,Oraon (Kurukh),0.17812261844070476,OpenAI-Large
Everyday Life Narrative,Mro,Rakhine,0.2271494923466637,OpenAI-Large
Everyday Life Narrative,Mro,Santal,0.22304037382688902,OpenAI-Large
Everyday Life Narrative,Mro,Tripura,0.180254215916118,OpenAI-Large
Everyday Life Narrative,Oraon (Kurukh),Rakhine,0.23372013524286162,OpenAI-Large
Everyday Life Narrative,Oraon (Kurukh),Santal,0.1955130189128954,OpenAI-Large
Everyday Life Narrative,Oraon (Kurukh),Tripura,0.20789487188829148,OpenAI-Large
Everyday Life Narrative,Rakhine,Santal,0.2718105012198905,OpenAI-Large
Everyday Life Narrative,Rakhine,Tripura,0.24646789417447246,OpenAI-Large
Everyday Life Narrative,Santal,Tripura,0.22244788440016827,OpenAI-Large
Human–Nature Relationship,Bengali,Chakma,0.12822641271814017,OpenAI-Large
Human–Nature Relationship,Bengali,Garo (Mandi),0.14601783310632432,OpenAI-Large
Human–Nature Relationship,Bengali,Hajong,0.1593778255845011,OpenAI-Large
Human–Nature Relationship,Bengali,Khasi,0.1628813197602561,OpenAI-Large
Human–Nature Relationship,Bengali,Manipuri (Meitei),0.14213101096716896,OpenAI-Large
Human–Nature Relationship,Bengali,Marma,0.1336056236550911,OpenAI-Large
Human–Nature Relationship,Bengali,Mro,0.1645407411017209,OpenAI-Large
Human–Nature Relationship,Bengali,Oraon (Kurukh),0.12683249969144283,OpenAI-Large
Human–Nature Relationship,Bengali,Rakhine,0.1275516558206391,OpenAI-Large
Human–Nature Relationship,Bengali,Santal,0.1265128531184554,OpenAI-Large
Human–Nature Relationship,Bengali,Tripura,0.1858940756106071,OpenAI-Large
Human–Nature Relationship,Chakma,Garo (Mandi),0.11497475858059514,OpenAI-Large
Human–Nature Relationship,Chakma,Hajong,0.1360573601708659,OpenAI-Large
Human–Nature Relationship,Chakma,Khasi,0.13471974598316727,OpenAI-Large
Human–Nature Relationship,Chakma,Manipuri (Meitei),0.14568705779353064,OpenAI-Large
Human–Nature Relationship,Chakma,Marma,0.1069602585354158,OpenAI-Large
Human–Nature Relationship,Chakma,Mro,0.12835416333548966,OpenAI-Large
Human–Nature Relationship,Chakma,Oraon (Kurukh),0.12199590395578974,OpenAI-Large
Human–Nature Relationship,Chakma,Rakhine,0.12819669015503588,OpenAI-Large
Human–Nature Relationship,Chakma,Santal,0.12675697313989354,OpenAI-Large
Human–Nature Relationship,Chakma,Tripura,0.12464232488375004,OpenAI-Large
Human–Nature Relationship,Garo (Mandi),Hajong,0.14295652368682155,OpenAI-Large
Human–Nature Relationship,Garo (Mandi),Khasi,0.12662384764708645,OpenAI-Large
Human–Nature Relationship,Garo (Mandi),Manipuri (Meitei),0.1426987818620825,OpenAI-Large
Human–Nature Relationship,Garo (Mandi),Marma,0.13677469810201914,OpenAI-Large
Human–Nature Relationship,Garo (Mandi),Mro,0.1408298644559457,OpenAI-Large
Human–Nature Relationship,Garo (Mandi),Oraon (Kurukh),0.1281417125737715,OpenAI-Large
Human–Nature Relationship,Garo (Mandi),Rakhine,0.1328021162909372,OpenAI-Large
Human–Nature Relationship,Garo (Mandi),Santal,0.11655126717772846,OpenAI-Large
Human–Nature Relationship,Garo (Mandi),Tripura,0.14817491125860283,OpenAI-Large
Human–Nature Relationship,Hajong,Khasi,0.12660505193129057,OpenAI-Large
Human–Nature Relationship,Hajong,Manipuri (Meitei),0.14366234072973638,OpenAI-Large
Human–Nature Relationship,Hajong,Marma,0.14212749620808052,OpenAI-Large
Human–Nature Relationship,Hajong,Mro,0.13099282298492843,OpenAI-Large
Human–Nature Relationship,Hajong,Oraon (Kurukh),0.13184180218847752,OpenAI-Large
Human–Nature Relationship,Hajong,Rakhine,0.12406387521104068,OpenAI-Large
Human–Nature Relationship,Hajong,Santal,0.14476103101326987,OpenAI-Large
Human–Nature Relationship,Hajong,Tripura,0.16112433798498615,OpenAI-Large
Human–Nature Relationship,Khasi,Manipuri (Meitei),0.14697756448703903,OpenAI-Large
Human–Nature Relationship,Khasi,Marma,0.11941782288463265,OpenAI-Large
Human–Nature Relationship,Khasi,Mro,0.13801925773178414,OpenAI-Large
Human–Nature Relationship,Khasi,Oraon (Kurukh),0.1321122830915915,OpenAI-Large
Human–Nature Relationship,Khasi,Rakhine,0.14076672991164263,OpenAI-Large
Human–Nature Relationship,Khasi,Santal,0.13786749453812874,OpenAI-Large
Human–Nature Relationship,Khasi,Tripura,0.14006178299193717,OpenAI-Large
Human–Nature Relationship,Manipuri (Meitei),Marma,0.12907606174260788,OpenAI-Large
Human–Nature Relationship,Manipuri (Meitei),Mro,0.14458127322191727,OpenAI-Large
Human–Nature Relationship,Manipuri (Meitei),Oraon (Kurukh),0.11431703642435054,OpenAI-Large
Human–Nature Relationship,Manipuri (Meitei),Rakhine,0.1246835807201061,OpenAI-Large
Human–Nature Relationship,Manipuri (Meitei),Santal,0.1609647146102695,OpenAI-Large
Human–Nature Relationship,Manipuri (Meitei),Tripura,0.153318466278071,OpenAI-Large
Human–Nature Relationship,Marma,Mro,0.10322883743397604,OpenAI-Large
Human–Nature Relationship,Marma,Oraon (Kurukh),0.11775969228967198,OpenAI-Large
Human–Nature Relationship,Marma,Rakhine,0.1169166896196363,OpenAI-Large
Human–Nature Relationship,Marma,Santal,0.12515325789566023,OpenAI-Large
Human–Nature Relationship,Marma,Tripura,0.13641082703245067,OpenAI-Large
Human–Nature Relationship,Mro,Oraon (Kurukh),0.11979826262246385,OpenAI-Large
Human–Nature Relationship,Mro,Rakhine,0.1273887883758934,OpenAI-Large
Human–Nature Relationship,Mro,Santal,0.15320612645071963,OpenAI-Large
Human–Nature Relationship,Mro,Tripura,0.15019929428760836,OpenAI-Large
Human–Nature Relationship,Oraon (Kurukh),Rakhine,0.12623942740126615,OpenAI-Large
Human–Nature Relationship,Oraon (Kurukh),Santal,0.13640902462217253,OpenAI-Large
Human–Nature Relationship,Oraon (Kurukh),Tripura,0.14351051702053852,OpenAI-Large
Human–Nature Relationship,Rakhine,Santal,0.15340071137629063,OpenAI-Large
Human–Nature Relationship,Rakhine,Tripura,0.1652626103096655,OpenAI-Large
Human–Nature Relationship,Santal,Tripura,0.16417743672230267,OpenAI-Large
Moral Transgression and Consequence,Bengali,Chakma,0.17411665553545141,OpenAI-Large
Moral Transgression and Consequence,Bengali,Garo (Mandi),0.23145437381151568,OpenAI-Large
Moral Transgression and Consequence,Bengali,Hajong,0.19665264472361632,OpenAI-Large
Moral Transgression and Consequence,Bengali,Khasi,0.1941597621766057,OpenAI-Large
Moral Transgression and Consequence,Bengali,Manipuri (Meitei),0.21865576588841218,OpenAI-Large
Moral Transgression and Consequence,Bengali,Marma,0.18557846847398796,OpenAI-Large
Moral Transgression and Consequence,Bengali,Mro,0.2101685107471517,OpenAI-Large
Moral Transgression and Consequence,Bengali,Oraon (Kurukh),0.18103698900162923,OpenAI-Large
Moral Transgression and Consequence,Bengali,Rakhine,0.1836425966999129,OpenAI-Large
Moral Transgression and Consequence,Bengali,Santal,0.18162166548821634,OpenAI-Large
Moral Transgression and Consequence,Bengali,Tripura,0.1868961070888312,OpenAI-Large
Moral Transgression and Consequence,Chakma,Garo (Mandi),0.1613432536876941,OpenAI-Large
Moral Transgression and Consequence,Chakma,Hajong,0.17413903033100298,OpenAI-Large
Moral Transgression and Consequence,Chakma,Khasi,0.16430349355316787,OpenAI-Large
Moral Transgression and Consequence,Chakma,Manipuri (Meitei),0.20480184604905038,OpenAI-Large
Moral Transgression and Consequence,Chakma,Marma,0.14135234375091,OpenAI-Large
Moral Transgression and Consequence,Chakma,Mro,0.16560401175997186,OpenAI-Large
Moral Transgression and Consequence,Chakma,Oraon (Kurukh),0.1421042397391633,OpenAI-Large
Moral Transgression and Consequence,Chakma,Rakhine,0.1493093903299738,OpenAI-Large
Moral Transgression and Consequence,Chakma,Santal,0.1408257821386778,OpenAI-Large
Moral Transgression and Consequence,Chakma,Tripura,0.16901614865681447,OpenAI-Large
Moral Transgression and Consequence,Garo (Mandi),Hajong,0.20302120388864842,OpenAI-Large
Moral Transgression and Consequence,Garo (Mandi),Khasi,0.18666052451121717,OpenAI-Large
Moral Transgression and Consequence,Garo (Mandi),Manipuri (Meitei),0.21487916017091335,OpenAI-Large
Moral Transgression and Consequence,Garo (Mandi),Marma,0.14117871745610766,OpenAI-Large
Moral Transgression and Consequence,Garo (Mandi),Mro,0.1506370556002281,OpenAI-Large
Moral Transgression and Consequence,Garo (Mandi),Oraon (Kurukh),0.2097239117681976,OpenAI-Large
Moral Transgression and Consequence,Garo (Mandi),Rakhine,0.19566257833422673,OpenAI-Large
Moral Transgression and Consequence,Garo (Mandi),Santal,0.17424880457520564,OpenAI-Large
Moral Transgression and Consequence,Garo (Mandi),Tripura,0.18353660088567558,OpenAI-Large
Moral Transgression and Consequence,Hajong,Khasi,0.18193433980544915,OpenAI-Large
Moral Transgression and Consequence,Hajong,Manipuri (Meitei),0.2028522500786888,OpenAI-Large
Moral Transgression and Consequence,Hajong,Marma,0.1595019021527797,OpenAI-Large
Moral Transgression and Consequence,Hajong,Mro,0.17429276653481263,OpenAI-Large
Moral Transgression and Consequence,Hajong,Oraon (Kurukh),0.19152913704556007,OpenAI-Large
Moral Transgression and Consequence,Hajong,Rakhine,0.19570993582281482,OpenAI-Large
Moral Transgression and Consequence,Hajong,Santal,0.16881919059338524,OpenAI-Large
Moral Transgression and Consequence,Hajong,Tripura,0.16120049399980485,OpenAI-Large
Moral Transgression and Consequence,Khasi,Manipuri (Meitei),0.18939013882809363,OpenAI-Large
Moral Transgression and Consequence,Khasi,Marma,0.17941252613385827,OpenAI-Large
Moral Transgression and Consequence,Khasi,Mro,0.14823992722656343,OpenAI-Large
Moral Transgression and Consequence,Khasi,Oraon (Kurukh),0.20725918570477675,OpenAI-Large
Moral Transgression and Consequence,Khasi,Rakhine,0.20087844975057811,OpenAI-Large
Moral Transgression and Consequence,Khasi,Santal,0.19230743003178452,OpenAI-Large
Moral Transgression and Consequence,Khasi,Tripura,0.1516336500119081,OpenAI-Large
Moral Transgression and Consequence,Manipuri (Meitei),Marma,0.20341595407992097,OpenAI-Large
Moral Transgression and Consequence,Manipuri (Meitei),Mro,0.21402635608740794,OpenAI-Large
Moral Transgression and Consequence,Manipuri (Meitei),Oraon (Kurukh),0.22149670002241673,OpenAI-Large
Moral Transgression and Consequence,Manipuri (Meitei),Rakhine,0.19208297802981866,OpenAI-Large
Moral Transgression and Consequence,Manipuri (Meitei),Santal,0.20081002361773725,OpenAI-Large
Moral Transgression and Consequence,Manipuri (Meitei),Tripura,0.19756155052691426,OpenAI-Large
Moral Transgression and Consequence,Marma,Mro,0.134645641454067,OpenAI-Large
Moral Transgression and Consequence,Marma,Oraon (Kurukh),0.1720369218796196,OpenAI-Large
Moral Transgression and Consequence,Marma,Rakhine,0.15110339914057724,OpenAI-Large
Moral Transgression and Consequence,Marma,Santal,0.15614567283122271,OpenAI-Large
Moral Transgression and Consequence,Marma,Tripura,0.15378241217948385,OpenAI-Large
Moral Transgression and Consequence,Mro,Oraon (Kurukh),0.1956563402347048,OpenAI-Large
Moral Transgression and Consequence,Mro,Rakhine,0.18627667596040365,OpenAI-Large
Moral Transgression and Consequence,Mro,Santal,0.19026858685552095,OpenAI-Large
Moral Transgression and Consequence,Mro,Tripura,0.14175702038300764,OpenAI-Large
Moral Transgression and Consequence,Oraon (Kurukh),Rakhine,0.17574391141206125,OpenAI-Large
Moral Transgression and Consequence,Oraon (Kurukh),Santal,0.14763217106244741,OpenAI-Large
Moral Transgression and Consequence,Oraon (Kurukh),Tripura,0.18890660487248345,OpenAI-Large
Moral Transgression and Consequence,Rakhine,Santal,0.1695577910105649,OpenAI-Large
Moral Transgression and Consequence,Rakhine,Tripura,0.2113658397276802,OpenAI-Large
Moral Transgression and Consequence,Santal,Tripura,0.17925479104991993,OpenAI-Large
Origin Story,Bengali,Chakma,0.20672926198060426,OpenAI-Large
Origin Story,Bengali,Garo (Mandi),0.22372393930985113,OpenAI-Large
Origin Story,Bengali,Hajong,0.2244691198789993,OpenAI-Large
Origin Story,Bengali,Khasi,0.23414759929756568,OpenAI-Large
Origin Story,Bengali,Manipuri (Meitei),0.2061831359962737,OpenAI-Large
Origin Story,Bengali,Marma,0.24462711752113908,OpenAI-Large
Origin Story,Bengali,Mro,0.23730038584789737,OpenAI-Large
Origin Story,Bengali,Oraon (Kurukh),0.24381266851890615,OpenAI-Large
Origin Story,Bengali,Rakhine,0.21442185069383068,OpenAI-Large
Origin Story,Bengali,Santal,0.19046117562775455,OpenAI-Large
Origin Story,Bengali,Tripura,0.22350761643675954,OpenAI-Large
Origin Story,Chakma,Garo (Mandi),0.17084744675860708,OpenAI-Large
Origin Story,Chakma,Hajong,0.18231148955046583,OpenAI-Large
Origin Story,Chakma,Khasi,0.1527248176382079,OpenAI-Large
Origin Story,Chakma,Manipuri (Meitei),0.22086083009697532,OpenAI-Large
Origin Story,Chakma,Marma,0.15745431719107195,OpenAI-Large
Origin Story,Chakma,Mro,0.15744352776240167,OpenAI-Large
Origin Story,Chakma,Oraon (Kurukh),0.22164731092677437,OpenAI-Large
Origin Story,Chakma,Rakhine,0.24102584480830913,OpenAI-Large
Origin Story,Chakma,Santal,0.19080286329754303,OpenAI-Large
Origin Story,Chakma,Tripura,0.18019163446612496,OpenAI-Large
Origin Story,Garo (Mandi),Hajong,0.17239855986659036,OpenAI-Large
Origin Story,Garo (Mandi),Khasi,0.17127904370943225,OpenAI-Large
Origin Story,Garo (Mandi),Manipuri (Meitei),0.22863419988568712,OpenAI-Large
Origin Story,Garo (Mandi),Marma,0.1803649022834144,OpenAI-Large
Origin Story,Garo (Mandi),Mro,0.17236028627675704,OpenAI-Large
Origin Story,Garo (Mandi),Oraon (Kurukh),0.22239146902375584,OpenAI-Large
Origin Story,Garo (Mandi),Rakhine,0.23118648270960074,OpenAI-Large
Origin Story,Garo (Mandi),Santal,0.19706425999538957,OpenAI-Large
Origin Story,Garo (Mandi),Tripura,0.24118330277492595,OpenAI-Large
Origin Story,Hajong,Khasi,0.17939901817057957,OpenAI-Large
Origin Story,Hajong,Manipuri (Meitei),0.23268323554705972,OpenAI-Large
Origin Story,Hajong,Marma,0.2118428190914613,OpenAI-Large
Origin Story,Hajong,Mro,0.2168680275546936,OpenAI-Large
Origin Story,Hajong,Oraon (Kurukh),0.24720277123861645,OpenAI-Large
Origin Story,Hajong,Rakhine,0.24332523068230982,OpenAI-Large
Origin Story,Hajong,Santal,0.18233633152106554,OpenAI-Large
Origin Story,Hajong,Tripura,0.25799320307694396,OpenAI-Large
Origin Story,Khasi,Manipuri (Meitei),0.23027247347579338,OpenAI-Large
Origin Story,Khasi,Marma,0.1693655366087946,OpenAI-Large
Origin Story,Khasi,Mro,0.17242873679089543,OpenAI-Large
Origin Story,Khasi,Oraon (Kurukh),0.22634481722060806,OpenAI-Large
Origin Story,Khasi,Rakhine,0.24760434678186105,OpenAI-Large
Origin Story,Khasi,Santal,0.21727918604020546,OpenAI-Large
Origin Story,Khasi,Tripura,0.23683350289438576,OpenAI-Large
Origin Story,Manipuri (Meitei),Marma,0.21970397387865592,OpenAI-Large
Origin Story,Manipuri (Meitei),Mro,0.2280087428441172,OpenAI-Large
Origin Story,Manipuri (Meitei),Oraon (Kurukh),0.2702942913260348,OpenAI-Large
Origin Story,Manipuri (Meitei),Rakhine,0.21711099788674038,OpenAI-Large
Origin Story,Manipuri (Meitei),Santal,0.21697776928495183,OpenAI-Large
Origin Story,Manipuri (Meitei),Tripura,0.2370024556325867,OpenAI-Large
Origin Story,Marma,Mro,0.11591419379633794,OpenAI-Large
Origin Story,Marma,Oraon (Kurukh),0.2325024198080834,OpenAI-Large
Origin Story,Marma,Rakhine,0.24679732347847028,OpenAI-Large
Origin Story,Marma,Santal,0.20840811422500982,OpenAI-Large
Origin Story,Marma,Tripura,0.21112884501388318,OpenAI-Large
Origin Story,Mro,Oraon (Kurukh),0.20444191428728442,OpenAI-Large
Origin Story,Mro,Rakhine,0.24969445277938396,OpenAI-Large
Origin Story,Mro,Santal,0.21850082305484586,OpenAI-Large
Origin Story,Mro,Tripura,0.2094776908489826,OpenAI-Large
Origin Story,Oraon (Kurukh),Rakhine,0.2598675559778174,OpenAI-Large
Origin Story,Oraon (Kurukh),Santal,0.1673911130577369,OpenAI-Large
Origin Story,Oraon (Kurukh),Tripura,0.2546044042751673,OpenAI-Large
Origin Story,Rakhine,Santal,0.24117603844119984,OpenAI-Large
Origin Story,Rakhine,Tripura,0.2523487795446373,OpenAI-Large
Origin Story,Santal,Tripura,0.22841176424111231,OpenAI-Large
Rite of Passage,Bengali,Chakma,0.14927122242047697,OpenAI-Large
Rite of Passage,Bengali,Garo (Mandi),0.1726110737375891,OpenAI-Large
Rite of Passage,Bengali,Hajong,0.19053319919876655,OpenAI-Large
Rite of Passage,Bengali,Khasi,0.19368301010159272,OpenAI-Large
Rite of Passage,Bengali,Manipuri (Meitei),0.22564751814240902,OpenAI-Large
Rite of Passage,Bengali,Marma,0.17504687697468624,OpenAI-Large
Rite of Passage,Bengali,Mro,0.23787747622987931,OpenAI-Large
Rite of Passage,Bengali,Oraon (Kurukh),0.2508741765468103,OpenAI-Large
Rite of Passage,Bengali,Rakhine,0.1712962949193857,OpenAI-Large
Rite of Passage,Bengali,Santal,0.22995864674136224,OpenAI-Large
Rite of Passage,Bengali,Tripura,0.18095091677368935,OpenAI-Large
Rite of Passage,Chakma,Garo (Mandi),0.14317677816536278,OpenAI-Large
Rite of Passage,Chakma,Hajong,0.1920484281393382,OpenAI-Large
Rite of Passage,Chakma,Khasi,0.18183270537013208,OpenAI-Large
Rite of Passage,Chakma,Manipuri (Meitei),0.20726073908581222,OpenAI-Large
Rite of Passage,Chakma,Marma,0.151407934873929,OpenAI-Large
Rite of Passage,Chakma,Mro,0.18489330002730864,OpenAI-Large
Rite of Passage,Chakma,Oraon (Kurukh),0.20227051820800512,OpenAI-Large
Rite of Passage,Chakma,Rakhine,0.21482129193433797,OpenAI-Large
Rite of Passage,Chakma,Santal,0.1805773181811774,OpenAI-Large
Rite of Passage,Chakma,Tripura,0.1680295745670095,OpenAI-Large
Rite of Passage,Garo (Mandi),Hajong,0.2242964347376054,OpenAI-Large
Rite of Passage,Garo (Mandi),Khasi,0.16676985274450307,OpenAI-Large
Rite of Passage,Garo (Mandi),Manipuri (Meitei),0.22364982721116555,OpenAI-Large
Rite of Passage,Garo (Mandi),Marma,0.19033982787424397,OpenAI-Large
Rite of Passage,Garo (Mandi),Mro,0.18397807519967468,OpenAI-Large
Rite of Passage,Garo (Mandi),Oraon (Kurukh),0.1996343548553351,OpenAI-Large
Rite of Passage,Garo (Mandi),Rakhine,0.21275103814063456,OpenAI-Large
Rite of Passage,Garo (Mandi),Santal,0.19058829624869755,OpenAI-Large
Rite of Passage,Garo (Mandi),Tripura,0.1813546866447734,OpenAI-Large
Rite of Passage,Hajong,Khasi,0.21235316618047717,OpenAI-Large
Rite of Passage,Hajong,Manipuri (Meitei),0.22272368785187713,OpenAI-Large
Rite of Passage,Hajong,Marma,0.1987189928907055,OpenAI-Large
Rite of Passage,Hajong,Mro,0.21303154763975618,OpenAI-Large
Rite of Passage,Hajong,Oraon (Kurukh),0.21814530576421642,OpenAI-Large
Rite of Passage,Hajong,Rakhine,0.23489055357057553,OpenAI-Large
Rite of Passage,Hajong,Santal,0.2010188616419155,OpenAI-Large
Rite of Passage,Hajong,Tripura,0.22986685055112888,OpenAI-Large
Rite of Passage,Khasi,Manipuri (Meitei),0.20200917577439814,OpenAI-Large
Rite of Passage,Khasi,Marma,0.19956610866842017,OpenAI-Large
Rite of Passage,Khasi,Mro,0.21544499201529133,OpenAI-Large
Rite of Passage,Khasi,Oraon (Kurukh),0.2601221018313904,OpenAI-Large
Rite of Passage,Khasi,Rakhine,0.23776302683265238,OpenAI-Large
Rite of Passage,Khasi,Santal,0.2332395800751179,OpenAI-Large
Rite of Passage,Khasi,Tripura,0.20781144416851427,OpenAI-Large
Rite of Passage,Manipuri (Meitei),Marma,0.21321582242088322,OpenAI-Large
Rite of Passage,Manipuri (Meitei),Mro,0.219271651313396,OpenAI-Large
Rite of Passage,Manipuri (Meitei),Oraon (Kurukh),0.25691848623162206,OpenAI-Large
Rite of Passage,Manipuri (Meitei),Rakhine,0.2483614258523993,OpenAI-Large
Rite of Passage,Manipuri (Meitei),Santal,0.2523082481998793,OpenAI-Large
Rite of Passage,Manipuri (Meitei),Tripura,0.2199572367059146,OpenAI-Large
Rite of Passage,Marma,Mro,0.20840414903845195,OpenAI-Large
Rite of Passage,Marma,Oraon (Kurukh),0.22684239782011129,OpenAI-Large
Rite of Passage,Marma,Rakhine,0.21174340479986675,OpenAI-Large
Rite of Passage,Marma,Santal,0.21451426796676065,OpenAI-Large
Rite of Passage,Marma,Tripura,0.16724998473627906,OpenAI-Large
Rite of Passage,Mro,Oraon (Kurukh),0.20717145555208405,OpenAI-Large
Rite of Passage,Mro,Rakhine,0.2662629512934951,OpenAI-Large
Rite of Passage,Mro,Santal,0.2023585469399467,OpenAI-Large
Rite of Passage,Mro,Tripura,0.24783108301350099,OpenAI-Large
Rite of Passage,Oraon (Kurukh),Rakhine,0.25857060053661574,OpenAI-Large
Rite of Passage,Oraon (Kurukh),Santal,0.19345469910841295,OpenAI-Large
Rite of Passage,Oraon (Kurukh),Tripura,0.24431276841878458,OpenAI-Large
Rite of Passage,Rakhine,Santal,0.23406805319009427,OpenAI-Large
Rite of Passage,Rakhine,Tripura,0.20235071501632873,OpenAI-Large
Rite of Passage,Santal,Tripura,0.2219795270636168,OpenAI-Large
Sacred or Forbidden Space,Bengali,Chakma,0.19075727489280137,OpenAI-Large
Sacred or Forbidden Space,Bengali,Garo (Mandi),0.150297108123424,OpenAI-Large
Sacred or Forbidden Space,Bengali,Hajong,0.171857505814621,OpenAI-Large
Sacred or Forbidden Space,Bengali,Khasi,0.18810063591388537,OpenAI-Large
Sacred or Forbidden Space,Bengali,Manipuri (Meitei),0.16102711700649464,OpenAI-Large
Sacred or Forbidden Space,Bengali,Marma,0.1757254099170369,OpenAI-Large
Sacred or Forbidden Space,Bengali,Mro,0.1841615156123626,OpenAI-Large
Sacred or Forbidden Space,Bengali,Oraon (Kurukh),0.21389928726065677,OpenAI-Large
Sacred or Forbidden Space,Bengali,Rakhine,0.15397698605064236,OpenAI-Large
Sacred or Forbidden Space,Bengali,Santal,0.1766492978405404,OpenAI-Large
Sacred or Forbidden Space,Bengali,Tripura,0.22603469855076652,OpenAI-Large
Sacred or Forbidden Space,Chakma,Garo (Mandi),0.1521718903160011,OpenAI-Large
Sacred or Forbidden Space,Chakma,Hajong,0.18635067948792827,OpenAI-Large
Sacred or Forbidden Space,Chakma,Khasi,0.18082390929695347,OpenAI-Large
Sacred or Forbidden Space,Chakma,Manipuri (Meitei),0.1909881759413654,OpenAI-Large
Sacred or Forbidden Space,Chakma,Marma,0.18762132247412922,OpenAI-Large
Sacred or Forbidden Space,Chakma,Mro,0.16767485269886562,OpenAI-Large
Sacred or Forbidden Space,Chakma,Oraon (Kurukh),0.17885747635396754,OpenAI-Large
Sacred or Forbidden Space,Chakma,Rakhine,0.17995791294406616,OpenAI-Large
Sacred or Forbidden Space,Chakma,Santal,0.19449180587112735,OpenAI-Large
Sacred or Forbidden Space,Chakma,Tripura,0.17680426589470466,OpenAI-Large
Sacred or Forbidden Space,Garo (Mandi),Hajong,0.13605917885832386,OpenAI-Large
Sacred or Forbidden Space,Garo (Mandi),Khasi,0.13917609829883015,OpenAI-Large
Sacred or Forbidden Space,Garo (Mandi),Manipuri (Meitei),0.18484595632415146,OpenAI-Large
Sacred or Forbidden Space,Garo (Mandi),Marma,0.17005171359882065,OpenAI-Large
Sacred or Forbidden Space,Garo (Mandi),Mro,0.15336699538482435,OpenAI-Large
Sacred or Forbidden Space,Garo (Mandi),Oraon (Kurukh),0.15374781273010707,OpenAI-Large
Sacred or Forbidden Space,Garo (Mandi),Rakhine,0.15841892481916864,OpenAI-Large
Sacred or Forbidden Space,Garo (Mandi),Santal,0.1569670261035535,OpenAI-Large
Sacred or Forbidden Space,Garo (Mandi),Tripura,0.16186701153409278,OpenAI-Large
Sacred or Forbidden Space,Hajong,Khasi,0.15095653875651294,OpenAI-Large
Sacred or Forbidden Space,Hajong,Manipuri (Meitei),0.18346138111666987,OpenAI-Large
Sacred or Forbidden Space,Hajong,Marma,0.17664306011770692,OpenAI-Large
Sacred or Forbidden Space,Hajong,Mro,0.178087314479638,OpenAI-Large
Sacred or Forbidden Space,Hajong,Oraon (Kurukh),0.1658789680072389,OpenAI-Large
Sacred or Forbidden Space,Hajong,Rakhine,0.16179930077500781,OpenAI-Large
Sacred or Forbidden Space,Hajong,Santal,0.15350282932092185,OpenAI-Large
Sacred or Forbidden Space,Hajong,Tripura,0.17906465449222986,OpenAI-Large
Sacred or Forbidden Space,Khasi,Manipuri (Meitei),0.1920086477200289,OpenAI-Large
Sacred or Forbidden Space,Khasi,Marma,0.165289959381691,OpenAI-Large
Sacred or Forbidden Space,Khasi,Mro,0.18582210573809066,OpenAI-Large
Sacred or Forbidden Space,Khasi,Oraon (Kurukh),0.1616541747534962,OpenAI-Large
Sacred or Forbidden Space,Khasi,Rakhine,0.15976705779327827,OpenAI-Large
Sacred or Forbidden Space,Khasi,Santal,0.1529605810907929,OpenAI-Large
Sacred or Forbidden Space,Khasi,Tripura,0.1625817751534635,OpenAI-Large
Sacred or Forbidden Space,Manipuri (Meitei),Marma,0.1900275697949071,OpenAI-Large
Sacred or Forbidden Space,Manipuri (Meitei),Mro,0.19131059253163019,OpenAI-Large
Sacred or Forbidden Space,Manipuri (Meitei),Oraon (Kurukh),0.18435320587480208,OpenAI-Large
Sacred or Forbidden Space,Manipuri (Meitei),Rakhine,0.13787855151043615,OpenAI-Large
Sacred or Forbidden Space,Manipuri (Meitei),Santal,0.17892851197131876,OpenAI-Large
Sacred or Forbidden Space,Manipuri (Meitei),Tripura,0.2085888591082451,OpenAI-Large
Sacred or Forbidden Space,Marma,Mro,0.1396534471163512,OpenAI-Large
Sacred or Forbidden Space,Marma,Oraon (Kurukh),0.16581605288742418,OpenAI-Large
Sacred or Forbidden Space,Marma,Rakhine,0.14659492681334396,OpenAI-Large
Sacred or Forbidden Space,Marma,Santal,0.18719094745854115,OpenAI-Large
Sacred or Forbidden Space,Marma,Tripura,0.1722129616174437,OpenAI-Large
Sacred or Forbidden Space,Mro,Oraon (Kurukh),0.17945161433676082,OpenAI-Large
Sacred or Forbidden Space,Mro,Rakhine,0.17887885569972062,OpenAI-Large
Sacred or Forbidden Space,Mro,Santal,0.209128632461694,OpenAI-Large
Sacred or Forbidden Space,Mro,Tripura,0.18265788348398404,OpenAI-Large
Sacred or Forbidden Space,Oraon (Kurukh),Rakhine,0.19552484687843086,OpenAI-Large
Sacred or Forbidden Space,Oraon (Kurukh),Santal,0.15794367238382412,OpenAI-Large
Sacred or Forbidden Space,Oraon (Kurukh),Tripura,0.16080452626496466,OpenAI-Large
Sacred or Forbidden Space,Rakhine,Santal,0.16282401451406103,OpenAI-Large
Sacred or Forbidden Space,Rakhine,Tripura,0.20209229784606508,OpenAI-Large
Sacred or Forbidden Space,Santal,Tripura,0.1805976139270361,OpenAI-Large
Trickster or Clever Figure,Bengali,Chakma,0.19108074927596697,OpenAI-Large
Trickster or Clever Figure,Bengali,Garo (Mandi),0.1879595049978653,OpenAI-Large
Trickster or Clever Figure,Bengali,Hajong,0.16894443412140114,OpenAI-Large
Trickster or Clever Figure,Bengali,Khasi,0.1758167304460494,OpenAI-Large
Trickster or Clever Figure,Bengali,Manipuri (Meitei),0.22567816847747968,OpenAI-Large
Trickster or Clever Figure,Bengali,Marma,0.18305058436955846,OpenAI-Large
Trickster or Clever Figure,Bengali,Mro,0.1948184551728387,OpenAI-Large
Trickster or Clever Figure,Bengali,Oraon (Kurukh),0.16977368020182249,OpenAI-Large
Trickster or Clever Figure,Bengali,Rakhine,0.20642012108371988,OpenAI-Large
Trickster or Clever Figure,Bengali,Santal,0.19689012505901804,OpenAI-Large
Trickster or Clever Figure,Bengali,Tripura,0.17154297692502107,OpenAI-Large
Trickster or Clever Figure,Chakma,Garo (Mandi),0.1609517396169574,OpenAI-Large
Trickster or Clever Figure,Chakma,Hajong,0.16619097044028786,OpenAI-Large
Trickster or Clever Figure,Chakma,Khasi,0.1667599337233091,OpenAI-Large
Trickster or Clever Figure,Chakma,Manipuri (Meitei),0.20436908137929533,OpenAI-Large
Trickster or Clever Figure,Chakma,Marma,0.17071350411545483,OpenAI-Large
Trickster or Clever Figure,Chakma,Mro,0.15243183852557585,OpenAI-Large
Trickster or Clever Figure,Chakma,Oraon (Kurukh),0.13353963624510212,OpenAI-Large
Trickster or Clever Figure,Chakma,Rakhine,0.18470847652413247,OpenAI-Large
Trickster or Clever Figure,Chakma,Santal,0.17076702796589838,OpenAI-Large
Trickster or Clever Figure,Chakma,Tripura,0.11039820746246032,OpenAI-Large
Trickster or Clever Figure,Garo (Mandi),Hajong,0.17324789164049104,OpenAI-Large
Trickster or Clever Figure,Garo (Mandi),Khasi,0.15631050756327203,OpenAI-Large
Trickster or Clever Figure,Garo (Mandi),Manipuri (Meitei),0.22013697454046743,OpenAI-Large
Trickster or Clever Figure,Garo (Mandi),Marma,0.15924443516856746,OpenAI-Large
Trickster or Clever Figure,Garo (Mandi),Mro,0.16270415253598658,OpenAI-Large
Trickster or Clever Figure,Garo (Mandi),Oraon (Kurukh),0.138524722049141,OpenAI-Large
Trickster or Clever Figure,Garo (Mandi),Rakhine,0.208776272079079,OpenAI-Large
Trickster or Clever Figure,Garo (Mandi),Santal,0.19810143592034746,OpenAI-Large
Trickster or Clever Figure,Garo (Mandi),Tripura,0.14961434534178208,OpenAI-Large
Trickster or Clever Figure,Hajong,Khasi,0.15909897075706048,OpenAI-Large
Trickster or Clever Figure,Hajong,Manipuri (Meitei),0.17153559425426024,OpenAI-Large
Trickster or Clever Figure,Hajong,Marma,0.17307950117103366,OpenAI-Large
Trickster or Clever Figure,Hajong,Mro,0.1575603536783884,OpenAI-Large
Trickster or Clever Figure,Hajong,Oraon (Kurukh),0.13049494290359764,OpenAI-Large
Trickster or Clever Figure,Hajong,Rakhine,0.17747336921586532,OpenAI-Large
Trickster or Clever Figure,Hajong,Santal,0.17052348156581765,OpenAI-Large
Trickster or Clever Figure,Hajong,Tripura,0.15871948252658352,OpenAI-Large
Trickster or Clever Figure,Khasi,Manipuri (Meitei),0.20195545316210828,OpenAI-Large
Trickster or Clever Figure,Khasi,Marma,0.1905730249655464,OpenAI-Large
Trickster or Clever Figure,Khasi,Mro,0.17217030048956006,OpenAI-Large
Trickster or Clever Figure,Khasi,Oraon (Kurukh),0.12923349010729968,OpenAI-Large
Trickster or Clever Figure,Khasi,Rakhine,0.24438635582287027,OpenAI-Large
Trickster or Clever Figure,Khasi,Santal,0.19426682841930565,OpenAI-Large
Trickster or Clever Figure,Khasi,Tripura,0.15422760262758273,OpenAI-Large
Trickster or Clever Figure,Manipuri (Meitei),Marma,0.20492351539534348,OpenAI-Large
Trickster or Clever Figure,Manipuri (Meitei),Mro,0.2213165633329559,OpenAI-Large
Trickster or Clever Figure,Manipuri (Meitei),Oraon (Kurukh),0.19003490870295325,OpenAI-Large
Trickster or Clever Figure,Manipuri (Meitei),Rakhine,0.21128399973283585,OpenAI-Large
Trickster or Clever Figure,Manipuri (Meitei),Santal,0.21499698776834208,OpenAI-Large
Trickster or Clever Figure,Manipuri (Meitei),Tripura,0.20125956949892698,OpenAI-Large
Trickster or Clever Figure,Marma,Mro,0.120903252545977,OpenAI-Large
Trickster or Clever Figure,Marma,Oraon (Kurukh),0.1561166968168276,OpenAI-Large
Trickster or Clever Figure,Marma,Rakhine,0.1966550136295081,OpenAI-Large
Trickster or Clever Figure,Marma,Santal,0.1686615736135606,OpenAI-Large
Trickster or Clever Figure,Marma,Tripura,0.14022631783366668,OpenAI-Large
Trickster or Clever Figure,Mro,Oraon (Kurukh),0.1566645858385719,OpenAI-Large
Trickster or Clever Figure,Mro,Rakhine,0.19765059036176036,OpenAI-Large
Trickster or Clever Figure,Mro,Santal,0.18617495184435928,OpenAI-Large
Trickster or Clever Figure,Mro,Tripura,0.1454417633433106,OpenAI-Large
Trickster or Clever Figure,Oraon (Kurukh),Rakhine,0.19373145819660276,OpenAI-Large
Trickster or Clever Figure,Oraon (Kurukh),Santal,0.12955567729862794,OpenAI-Large
Trickster or Clever Figure,Oraon (Kurukh),Tripura,0.1220535651907847,OpenAI-Large
Trickster or Clever Figure,Rakhine,Santal,0.19199676804455967,OpenAI-Large
Trickster or Clever Figure,Rakhine,Tripura,0.1973362315165076,OpenAI-Large
Trickster or Clever Figure,Santal,Tripura,0.16847298861124216,OpenAI-Large
Wisdom of an Elder,Bengali,Chakma,0.19608519995831986,OpenAI-Large
Wisdom of an Elder,Bengali,Garo (Mandi),0.21158589023140928,OpenAI-Large
Wisdom of an Elder,Bengali,Hajong,0.20587996626786087,OpenAI-Large
Wisdom of an Elder,Bengali,Khasi,0.2177724682641078,OpenAI-Large
Wisdom of an Elder,Bengali,Manipuri (Meitei),0.2236958500122862,OpenAI-Large
Wisdom of an Elder,Bengali,Marma,0.2028860940963949,OpenAI-Large
Wisdom of an Elder,Bengali,Mro,0.20612032973832894,OpenAI-Large
Wisdom of an Elder,Bengali,Oraon (Kurukh),0.22047527870873262,OpenAI-Large
Wisdom of an Elder,Bengali,Rakhine,0.2799449532449575,OpenAI-Large
Wisdom of an Elder,Bengali,Santal,0.20253654902810736,OpenAI-Large
Wisdom of an Elder,Bengali,Tripura,0.1639528295660314,OpenAI-Large
Wisdom of an Elder,Chakma,Garo (Mandi),0.1847418977618731,OpenAI-Large
Wisdom of an Elder,Chakma,Hajong,0.1926314437966784,OpenAI-Large
Wisdom of an Elder,Chakma,Khasi,0.22551855806764065,OpenAI-Large
Wisdom of an Elder,Chakma,Manipuri (Meitei),0.20454700215231236,OpenAI-Large
Wisdom of an Elder,Chakma,Marma,0.15992731409019467,OpenAI-Large
Wisdom of an Elder,Chakma,Mro,0.17642687349226172,OpenAI-Large
Wisdom of an Elder,Chakma,Oraon (Kurukh),0.19776172816156778,OpenAI-Large
Wisdom of an Elder,Chakma,Rakhine,0.2563361812603818,OpenAI-Large
Wisdom of an Elder,Chakma,Santal,0.21886388851754246,OpenAI-Large
Wisdom of an Elder,Chakma,Tripura,0.1707734538068585,OpenAI-Large
Wisdom of an Elder,Garo (Mandi),Hajong,0.1967666013454077,OpenAI-Large
Wisdom of an Elder,Garo (Mandi),Khasi,0.20144650307526646,OpenAI-Large
Wisdom of an Elder,Garo (Mandi),Manipuri (Meitei),0.170400007549678,OpenAI-Large
Wisdom of an Elder,Garo (Mandi),Marma,0.15317252410708215,OpenAI-Large
Wisdom of an Elder,Garo (Mandi),Mro,0.1609073193585694,OpenAI-Large
Wisdom of an Elder,Garo (Mandi),Oraon (Kurukh),0.16514671982587847,OpenAI-Large
Wisdom of an Elder,Garo (Mandi),Rakhine,0.2467103506143571,OpenAI-Large
Wisdom of an Elder,Garo (Mandi),Santal,0.1723878644915553,OpenAI-Large
Wisdom of an Elder,Garo (Mandi),Tripura,0.1745321328037185,OpenAI-Large
Wisdom of an Elder,Hajong,Khasi,0.19378021407772583,OpenAI-Large
Wisdom of an Elder,Hajong,Manipuri (Meitei),0.2009789013921225,OpenAI-Large
Wisdom of an Elder,Hajong,Marma,0.16653871709731738,OpenAI-Large
Wisdom of an Elder,Hajong,Mro,0.19796270506361413,OpenAI-Large
Wisdom of an Elder,Hajong,Oraon (Kurukh),0.20424222090355482,OpenAI-Large
Wisdom of an Elder,Hajong,Rakhine,0.2620812577410371,OpenAI-Large
Wisdom of an Elder,Hajong,Santal,0.18952441592012625,OpenAI-Large
Wisdom of an Elder,Hajong,Tripura,0.18727000547281936,OpenAI-Large
Wisdom of an Elder,Khasi,Manipuri (Meitei),0.19625098367150517,OpenAI-Large
Wisdom of an Elder,Khasi,Marma,0.17865045541899138,OpenAI-Large
Wisdom of an Elder,Khasi,Mro,0.19833729994460303,OpenAI-Large
Wisdom of an Elder,Khasi,Oraon (Kurukh),0.23335689052957642,OpenAI-Large
Wisdom of an Elder,Khasi,Rakhine,0.29228544232445797,OpenAI-Large
Wisdom of an Elder,Khasi,Santal,0.2091850926562998,OpenAI-Large
Wisdom of an Elder,Khasi,Tripura,0.20804989408316776,OpenAI-Large
Wisdom of an Elder,Manipuri (Meitei),Marma,0.18508594560950875,OpenAI-Large
Wisdom of an Elder,Manipuri (Meitei),Mro,0.21168197149113133,OpenAI-Large
Wisdom of an Elder,Manipuri (Meitei),Oraon (Kurukh),0.2159825903181538,OpenAI-Large
Wisdom of an Elder,Manipuri (Meitei),Rakhine,0.2561687929365216,OpenAI-Large
Wisdom of an Elder,Manipuri (Meitei),Santal,0.20783102537213682,OpenAI-Large
Wisdom of an Elder,Manipuri (Meitei),Tripura,0.2161908883515079,OpenAI-Large
Wisdom of an Elder,Marma,Mro,0.13991679473771523,OpenAI-Large
Wisdom of an Elder,Marma,Oraon (Kurukh),0.18181689909753185,OpenAI-Large
Wisdom of an Elder,Marma,Rakhine,0.22790238508296046,OpenAI-Large
Wisdom of an Elder,Marma,Santal,0.18505807283215847,OpenAI-Large
Wisdom of an Elder,Marma,Tripura,0.14609220275652657,OpenAI-Large
Wisdom of an Elder,Mro,Oraon (Kurukh),0.2241220305221906,OpenAI-Large
Wisdom of an Elder,Mro,Rakhine,0.2441783314565522,OpenAI-Large
Wisdom of an Elder,Mro,Santal,0.22107517805735766,OpenAI-Large
Wisdom of an Elder,Mro,Tripura,0.1736375877292684,OpenAI-Large
Wisdom of an Elder,Oraon (Kurukh),Rakhine,0.2898627044948714,OpenAI-Large
Wisdom of an Elder,Oraon (Kurukh),Santal,0.1817773618342149,OpenAI-Large
Wisdom of an Elder,Oraon (Kurukh),Tripura,0.20835754766752812,OpenAI-Large
Wisdom of an Elder,Rakhine,Santal,0.2547648419983223,OpenAI-Large
Wisdom of an Elder,Rakhine,Tripura,0.2353867242222919,OpenAI-Large
Wisdom of an Elder,Santal,Tripura,0.19071322490403553,OpenAI-Large
Change and Continuity,Bengali,Chakma,0.13456781405678575,Qwen
Change and Continuity,Bengali,Garo (Mandi),0.16701369232512886,Qwen
Change and Continuity,Bengali,Hajong,0.13668067025583075,Qwen
Change and Continuity,Bengali,Khasi,0.12067478394141018,Qwen
Change and Continuity,Bengali,Manipuri (Meitei),0.13652633628879873,Qwen
Change and Continuity,Bengali,Marma,0.12394174169280203,Qwen
Change and Continuity,Bengali,Mro,0.17550924077704388,Qwen
Change and Continuity,Bengali,Oraon (Kurukh),0.14597188178396625,Qwen
Change and Continuity,Bengali,Rakhine,0.1383299341860813,Qwen
Change and Continuity,Bengali,Santal,0.1352563034040658,Qwen
Change and Continuity,Bengali,Tripura,0.15842849978823692,Qwen
Change and Continuity,Chakma,Garo (Mandi),0.10804534919258069,Qwen
Change and Continuity,Chakma,Hajong,0.12169179719192935,Qwen
Change and Continuity,Chakma,Khasi,0.10663831334915252,Qwen
Change and Continuity,Chakma,Manipuri (Meitei),0.13955807032076306,Qwen
Change and Continuity,Chakma,Marma,0.09668437069606972,Qwen
Change and Continuity,Chakma,Mro,0.11345897497210022,Qwen
Change and Continuity,Chakma,Oraon (Kurukh),0.08339439544476523,Qwen
Change and Continuity,Chakma,Rakhine,0.13299441334543305,Qwen
Change and Continuity,Chakma,Santal,0.0960722597716468,Qwen
Change and Continuity,Chakma,Tripura,0.09322162091866704,Qwen
Change and Continuity,Garo (Mandi),Hajong,0.12161535682835878,Qwen
Change and Continuity,Garo (Mandi),Khasi,0.08475120307049222,Qwen
Change and Continuity,Garo (Mandi),Manipuri (Meitei),0.11196408605385544,Qwen
Change and Continuity,Garo (Mandi),Marma,0.098880732974161,Qwen
Change and Continuity,Garo (Mandi),Mro,0.0965896645524349,Qwen
Change and Continuity,Garo (Mandi),Oraon (Kurukh),0.11721433152817096,Qwen
Change and Continuity,Garo (Mandi),Rakhine,0.12266337002102967,Qwen
Change and Continuity,Garo (Mandi),Santal,0.09752798153974462,Qwen
Change and Continuity,Garo (Mandi),Tripura,0.10575113651535217,Qwen
Change and Continuity,Hajong,Khasi,0.11259367278817112,Qwen
Change and Continuity,Hajong,Manipuri (Meitei),0.13013849629312635,Qwen
Change and Continuity,Hajong,Marma,0.11397785675466177,Qwen
Change and Continuity,Hajong,Mro,0.12291333960583317,Qwen
Change and Continuity,Hajong,Oraon (Kurukh),0.13574127471377717,Qwen
Change and Continuity,Hajong,Rakhine,0.11699136829429713,Qwen
Change and Continuity,Hajong,Santal,0.11205867094457833,Qwen
Change and Continuity,Hajong,Tripura,0.12703602686684135,Qwen
Change and Continuity,Khasi,Manipuri (Meitei),0.11185298485055128,Qwen
Change and Continuity,Khasi,Marma,0.08422775522827819,Qwen
Change and Continuity,Khasi,Mro,0.10160828757300744,Qwen
Change and Continuity,Khasi,Oraon (Kurukh),0.10664035492648538,Qwen
Change and Continuity,Khasi,Rakhine,0.09805754643893694,Qwen
Change and Continuity,Khasi,Santal,0.0821788114212334,Qwen
Change and Continuity,Khasi,Tripura,0.11183919287932742,Qwen
Change and Continuity,Manipuri (Meitei),Marma,0.10704278144296375,Qwen
Change and Continuity,Manipuri (Meitei),Mro,0.12360762706324158,Qwen
Change and Continuity,Manipuri (Meitei),Oraon (Kurukh),0.131203483549304,Qwen
Change and Continuity,Manipuri (Meitei),Rakhine,0.10055625159671333,Qwen
Change and Continuity,Manipuri (Meitei),Santal,0.11084439247580535,Qwen
Change and Continuity,Manipuri (Meitei),Tripura,0.12094076275814902,Qwen
Change and Continuity,Marma,Mro,0.09837881532076465,Qwen
Change and Continuity,Marma,Oraon (Kurukh),0.10573054610586441,Qwen
Change and Continuity,Marma,Rakhine,0.09743081379979635,Qwen
Change and Continuity,Marma,Santal,0.09552574800316416,Qwen
Change and Continuity,Marma,Tripura,0.10767929315217717,Qwen
Change and Continuity,Mro,Oraon (Kurukh),0.11000534276331075,Qwen
Change and Continuity,Mro,Rakhine,0.12369112008617278,Qwen
Change and Continuity,Mro,Santal,0.10308725514408623,Qwen
Change and Continuity,Mro,Tripura,0.11607676603695671,Qwen
Change and Continuity,Oraon (Kurukh),Rakhine,0.1314827656999692,Qwen
Change and Continuity,Oraon (Kurukh),Santal,0.08636516730086352,Qwen
Change and Continuity,Oraon (Kurukh),Tripura,0.10993004193606404,Qwen
Change and Continuity,Rakhine,Santal,0.10299726154167876,Qwen
Change and Continuity,Rakhine,Tripura,0.13077872249815925,Qwen
Change and Continuity,Santal,Tripura,0.10947900219914619,Qwen
Community Crisis,Bengali,Chakma,0.09356150133189078,Qwen
Community Crisis,Bengali,Garo (Mandi),0.10872340195455532,Qwen
Community Crisis,Bengali,Hajong,0.09533274975050532,Qwen
Community Crisis,Bengali,Khasi,0.1005424068171118,Qwen
Community Crisis,Bengali,Manipuri (Meitei),0.09709314847455042,Qwen
Community Crisis,Bengali,Marma,0.12086612208648673,Qwen
Community Crisis,Bengali,Mro,0.13625728766490997,Qwen
Community Crisis,Bengali,Oraon (Kurukh),0.06588392484437589,Qwen
Community Crisis,Bengali,Rakhine,0.11175491914109514,Qwen
Community Crisis,Bengali,Santal,0.07897094396732196,Qwen
Community Crisis,Bengali,Tripura,0.0897588222560225,Qwen
Community Crisis,Chakma,Garo (Mandi),0.08026794292612593,Qwen
Community Crisis,Chakma,Hajong,0.10123239719056876,Qwen
Community Crisis,Chakma,Khasi,0.07764224638198713,Qwen
Community Crisis,Chakma,Manipuri (Meitei),0.10944355491551072,Qwen
Community Crisis,Chakma,Marma,0.08231214047744428,Qwen
Community Crisis,Chakma,Mro,0.10207506352046014,Qwen
Community Crisis,Chakma,Oraon (Kurukh),0.09390940061363295,Qwen
Community Crisis,Chakma,Rakhine,0.11743052672653465,Qwen
Community Crisis,Chakma,Santal,0.09678332701857784,Qwen
Community Crisis,Chakma,Tripura,0.08223078609180412,Qwen
Community Crisis,Garo (Mandi),Hajong,0.09210815902601177,Qwen
Community Crisis,Garo (Mandi),Khasi,0.08484792050353951,Qwen
Community Crisis,Garo (Mandi),Manipuri (Meitei),0.08629376482509743,Qwen
Community Crisis,Garo (Mandi),Marma,0.07046380370462468,Qwen
Community Crisis,Garo (Mandi),Mro,0.08137972801803395,Qwen
Community Crisis,Garo (Mandi),Oraon (Kurukh),0.08071497713685871,Qwen
Community Crisis,Garo (Mandi),Rakhine,0.12461167363558423,Qwen
Community Crisis,Garo (Mandi),Santal,0.08080867704293282,Qwen
Community Crisis,Garo (Mandi),Tripura,0.09587430420657073,Qwen
Community Crisis,Hajong,Khasi,0.10439412640244672,Qwen
Community Crisis,Hajong,Manipuri (Meitei),0.11021911164343046,Qwen
Community Crisis,Hajong,Marma,0.09545623622308741,Qwen
Community Crisis,Hajong,Mro,0.12357763573872393,Qwen
Community Crisis,Hajong,Oraon (Kurukh),0.09753478579230301,Qwen
Community Crisis,Hajong,Rakhine,0.12918190218903514,Qwen
Community Crisis,Hajong,Santal,0.08428124596767672,Qwen
Community Crisis,Hajong,Tripura,0.10308468409297677,Qwen
Community Crisis,Khasi,Manipuri (Meitei),0.1075519194890383,Qwen
Community Crisis,Khasi,Marma,0.09168245171197975,Qwen
Community Crisis,Khasi,Mro,0.09882341399833472,Qwen
Community Crisis,Khasi,Oraon (Kurukh),0.09815783124876243,Qwen
Community Crisis,Khasi,Rakhine,0.12308369180941803,Qwen
Community Crisis,Khasi,Santal,0.09799693610050919,Qwen
Community Crisis,Khasi,Tripura,0.10059904631839212,Qwen
Community Crisis,Manipuri (Meitei),Marma,0.0830137601185078,Qwen
Community Crisis,Manipuri (Meitei),Mro,0.11201881421932447,Qwen
Community Crisis,Manipuri (Meitei),Oraon (Kurukh),0.08756996756893198,Qwen
Community Crisis,Manipuri (Meitei),Rakhine,0.12315596153567143,Qwen
Community Crisis,Manipuri (Meitei),Santal,0.09807933124596768,Qwen
Community Crisis,Manipuri (Meitei),Tripura,0.09382519452315996,Qwen
Community Crisis,Marma,Mro,0.06213071911147783,Qwen
Community Crisis,Marma,Oraon (Kurukh),0.09845389455120712,Qwen
Community Crisis,Marma,Rakhine,0.13586590740007032,Qwen
Community Crisis,Marma,Santal,0.09946059702796206,Qwen
Community Crisis,Marma,Tripura,0.08951148165654021,Qwen
Community Crisis,Mro,Oraon (Kurukh),0.11419675095277138,Qwen
Community Crisis,Mro,Rakhine,0.16526011052389677,Qwen
Community Crisis,Mro,Santal,0.12148341275873986,Qwen
Community Crisis,Mro,Tripura,0.11289303964277841,Qwen
Community Crisis,Oraon (Kurukh),Rakhine,0.11626218901325225,Qwen
Community Crisis,Oraon (Kurukh),Santal,0.07342760414625782,Qwen
Community Crisis,Oraon (Kurukh),Tripura,0.08414074904710345,Qwen
Community Crisis,Rakhine,Santal,0.11617195001477076,Qwen
Community Crisis,Rakhine,Tripura,0.11756139874608085,Qwen
Community Crisis,Santal,Tripura,0.09590412716742336,Qwen
Everyday Life Narrative,Bengali,Chakma,0.1466073619271956,Qwen
Everyday Life Narrative,Bengali,Garo (Mandi),0.13701268044790504,Qwen
Everyday Life Narrative,Bengali,Hajong,0.10979935082491188,Qwen
Everyday Life Narrative,Bengali,Khasi,0.16486934212653137,Qwen
Everyday Life Narrative,Bengali,Manipuri (Meitei),0.15753527957604785,Qwen
Everyday Life Narrative,Bengali,Marma,0.14237401863408705,Qwen
Everyday Life Narrative,Bengali,Mro,0.16594432701524608,Qwen
Everyday Life Narrative,Bengali,Oraon (Kurukh),0.12141587593105041,Qwen
Everyday Life Narrative,Bengali,Rakhine,0.16637111606108468,Qwen
Everyday Life Narrative,Bengali,Santal,0.16036601060227407,Qwen
Everyday Life Narrative,Bengali,Tripura,0.14936703741464152,Qwen
Everyday Life Narrative,Chakma,Garo (Mandi),0.12393023592166608,Qwen
Everyday Life Narrative,Chakma,Hajong,0.14171354129309222,Qwen
Everyday Life Narrative,Chakma,Khasi,0.15555809948255928,Qwen
Everyday Life Narrative,Chakma,Manipuri (Meitei),0.12629114212262538,Qwen
Everyday Life Narrative,Chakma,Marma,0.127589986732925,Qwen
Everyday Life Narrative,Chakma,Mro,0.14000877969018488,Qwen
Everyday Life Narrative,Chakma,Oraon (Kurukh),0.12959965455116174,Qwen
Everyday Life Narrative,Chakma,Rakhine,0.18770820422064927,Qwen
Everyday Life Narrative,Chakma,Santal,0.18802053073039293,Qwen
Everyday Life Narrative,Chakma,Tripura,0.15913223252320297,Qwen
Everyday Life Narrative,Garo (Mandi),Hajong,0.11289941062379116,Qwen
Everyday Life Narrative,Garo (Mandi),Khasi,0.1305746557191242,Qwen
Everyday Life Narrative,Garo (Mandi),Manipuri (Meitei),0.12280628067019517,Qwen
Everyday Life Narrative,Garo (Mandi),Marma,0.08489090747043382,Qwen
Everyday Life Narrative,Garo (Mandi),Mro,0.10340391085640976,Qwen
Everyday Life Narrative,Garo (Mandi),Oraon (Kurukh),0.10809155692290229,Qwen
Everyday Life Narrative,Garo (Mandi),Rakhine,0.15149538341176116,Qwen
Everyday Life Narrative,Garo (Mandi),Santal,0.13866191397912742,Qwen
Everyday Life Narrative,Garo (Mandi),Tripura,0.12056525915054528,Qwen
Everyday Life Narrative,Hajong,Khasi,0.12544958536489825,Qwen
Everyday Life Narrative,Hajong,Manipuri (Meitei),0.1513178301496516,Qwen
Everyday Life Narrative,Hajong,Marma,0.08882394689209538,Qwen
Everyday Life Narrative,Hajong,Mro,0.1290965625157573,Qwen
Everyday Life Narrative,Hajong,Oraon (Kurukh),0.11139556015659369,Qwen
Everyday Life Narrative,Hajong,Rakhine,0.13257897938846874,Qwen
Everyday Life Narrative,Hajong,Santal,0.13588961609748162,Qwen
Everyday Life Narrative,Hajong,Tripura,0.12938180640763075,Qwen
Everyday Life Narrative,Khasi,Manipuri (Meitei),0.14065658150881388,Qwen
Everyday Life Narrative,Khasi,Marma,0.11835286660409838,Qwen
Everyday Life Narrative,Khasi,Mro,0.13541486303552286,Qwen
Everyday Life Narrative,Khasi,Oraon (Kurukh),0.13142425206564956,Qwen
Everyday Life Narrative,Khasi,Rakhine,0.1488912681689798,Qwen
Everyday Life Narrative,Khasi,Santal,0.16312240712551773,Qwen
Everyday Life Narrative,Khasi,Tripura,0.13797473158150098,Qwen
Everyday Life Narrative,Manipuri (Meitei),Marma,0.14150019148440762,Qwen
Everyday Life Narrative,Manipuri (Meitei),Mro,0.1559443458103894,Qwen
Everyday Life Narrative,Manipuri (Meitei),Oraon (Kurukh),0.14269573561938675,Qwen
Everyday Life Narrative,Manipuri (Meitei),Rakhine,0.15088733781685637,Qwen
Everyday Life Narrative,Manipuri (Meitei),Santal,0.17906198669329876,Qwen
Everyday Life Narrative,Manipuri (Meitei),Tripura,0.14443698793850834,Qwen
Everyday Life Narrative,Marma,Mro,0.08003712987618394,Qwen
Everyday Life Narrative,Marma,Oraon (Kurukh),0.10062103710708914,Qwen
Everyday Life Narrative,Marma,Rakhine,0.13552850500431346,Qwen
Everyday Life Narrative,Marma,Santal,0.13788296170860959,Qwen
Everyday Life Narrative,Marma,Tripura,0.10976785795477573,Qwen
Everyday Life Narrative,Mro,Oraon (Kurukh),0.11159476672563029,Qwen
Everyday Life Narrative,Mro,Rakhine,0.1736612706087275,Qwen
Everyday Life Narrative,Mro,Santal,0.16508043876730727,Qwen
Everyday Life Narrative,Mro,Tripura,0.12154418936556344,Qwen
Everyday Life Narrative,Oraon (Kurukh),Rakhine,0.16988934701631553,Qwen
Everyday Life Narrative,Oraon (Kurukh),Santal,0.12877155331759915,Qwen
Everyday Life Narrative,Oraon (Kurukh),Tripura,0.11669100091457729,Qwen
Everyday Life Narrative,Rakhine,Santal,0.1923312667343976,Qwen
Everyday Life Narrative,Rakhine,Tripura,0.16042133949377024,Qwen
Everyday Life Narrative,Santal,Tripura,0.15464248557725435,Qwen
Human–Nature Relationship,Bengali,Chakma,0.07652291383441001,Qwen
Human–Nature Relationship,Bengali,Garo (Mandi),0.07788058805222708,Qwen
Human–Nature Relationship,Bengali,Hajong,0.08133354178617491,Qwen
Human–Nature Relationship,Bengali,Khasi,0.09294149024703269,Qwen
Human–Nature Relationship,Bengali,Manipuri (Meitei),0.07918832151135369,Qwen
Human–Nature Relationship,Bengali,Marma,0.0715166281378753,Qwen
Human–Nature Relationship,Bengali,Mro,0.11405547917297987,Qwen
Human–Nature Relationship,Bengali,Oraon (Kurukh),0.08045385854000975,Qwen
Human–Nature Relationship,Bengali,Rakhine,0.07180835804624164,Qwen
Human–Nature Relationship,Bengali,Santal,0.06369306790698226,Qwen
Human–Nature Relationship,Bengali,Tripura,0.08518164261281391,Qwen
Human–Nature Relationship,Chakma,Garo (Mandi),0.05683280967740223,Qwen
Human–Nature Relationship,Chakma,Hajong,0.055404425112177025,Qwen
Human–Nature Relationship,Chakma,Khasi,0.07037570430697071,Qwen
Human–Nature Relationship,Chakma,Manipuri (Meitei),0.07122662106809285,Qwen
Human–Nature Relationship,Chakma,Marma,0.06269177560440065,Qwen
Human–Nature Relationship,Chakma,Mro,0.08309280901596572,Qwen
Human–Nature Relationship,Chakma,Oraon (Kurukh),0.07546513352838802,Qwen
Human–Nature Relationship,Chakma,Rakhine,0.0706795692507356,Qwen
Human–Nature Relationship,Chakma,Santal,0.060831978947869736,Qwen
Human–Nature Relationship,Chakma,Tripura,0.05900006792059831,Qwen
Human–Nature Relationship,Garo (Mandi),Hajong,0.05701821207826829,Qwen
Human–Nature Relationship,Garo (Mandi),Khasi,0.06581627143563906,Qwen
Human–Nature Relationship,Garo (Mandi),Manipuri (Meitei),0.06769299520534822,Qwen
Human–Nature Relationship,Garo (Mandi),Marma,0.057827441814865876,Qwen
Human–Nature Relationship,Garo (Mandi),Mro,0.07627979479605795,Qwen
Human–Nature Relationship,Garo (Mandi),Oraon (Kurukh),0.0695198036533633,Qwen
Human–Nature Relationship,Garo (Mandi),Rakhine,0.06560508668194853,Qwen
Human–Nature Relationship,Garo (Mandi),Santal,0.055530193338398925,Qwen
Human–Nature Relationship,Garo (Mandi),Tripura,0.06607330854094429,Qwen
Human–Nature Relationship,Hajong,Khasi,0.07127110349695864,Qwen
Human–Nature Relationship,Hajong,Manipuri (Meitei),0.07458399213542466,Qwen
Human–Nature Relationship,Hajong,Marma,0.07143733404805452,Qwen
Human–Nature Relationship,Hajong,Mro,0.08135996771323317,Qwen
Human–Nature Relationship,Hajong,Oraon (Kurukh),0.07200888753994217,Qwen
Human–Nature Relationship,Hajong,Rakhine,0.06915459909731458,Qwen
Human–Nature Relationship,Hajong,Santal,0.05247850626579886,Qwen
Human–Nature Relationship,Hajong,Tripura,0.07344942495109485,Qwen
Human–Nature Relationship,Khasi,Manipuri (Meitei),0.07813597299968278,Qwen
Human–Nature Relationship,Khasi,Marma,0.0746360449823531,Qwen
Human–Nature Relationship,Khasi,Mro,0.09660605882129591,Qwen
Human–Nature Relationship,Khasi,Oraon (Kurukh),0.07650854759455772,Qwen
Human–Nature Relationship,Khasi,Rakhine,0.08218810309858704,Qwen
Human–Nature Relationship,Khasi,Santal,0.06441277572209214,Qwen
Human–Nature Relationship,Khasi,Tripura,0.06537556400085798,Qwen
Human–Nature Relationship,Manipuri (Meitei),Marma,0.06011507623280954,Qwen
Human–Nature Relationship,Manipuri (Meitei),Mro,0.08749365477421989,Qwen
Human–Nature Relationship,Manipuri (Meitei),Oraon (Kurukh),0.07610426003894732,Qwen
Human–Nature Relationship,Manipuri (Meitei),Rakhine,0.07416368522727745,Qwen
Human–Nature Relationship,Manipuri (Meitei),Santal,0.06655780974081882,Qwen
Human–Nature Relationship,Manipuri (Meitei),Tripura,0.0706052727849098,Qwen
Human–Nature Relationship,Marma,Mro,0.07215446144743043,Qwen
Human–Nature Relationship,Marma,Oraon (Kurukh),0.0716401795682825,Qwen
Human–Nature Relationship,Marma,Rakhine,0.05761518345409411,Qwen
Human–Nature Relationship,Marma,Santal,0.06248732800151091,Qwen
Human–Nature Relationship,Marma,Tripura,0.0729537654072755,Qwen
Human–Nature Relationship,Mro,Oraon (Kurukh),0.08040891264788841,Qwen
Human–Nature Relationship,Mro,Rakhine,0.09063233615891753,Qwen
Human–Nature Relationship,Mro,Santal,0.08534345443857771,Qwen
Human–Nature Relationship,Mro,Tripura,0.08089736108749301,Qwen
Human–Nature Relationship,Oraon (Kurukh),Rakhine,0.08437673311837557,Qwen
Human–Nature Relationship,Oraon (Kurukh),Santal,0.05146200035687787,Qwen
Human–Nature Relationship,Oraon (Kurukh),Tripura,0.07578983688593066,Qwen
Human–Nature Relationship,Rakhine,Santal,0.06937780527278103,Qwen
Human–Nature Relationship,Rakhine,Tripura,0.0797472481794278,Qwen
Human–Nature Relationship,Santal,Tripura,0.060055583760320164,Qwen
Moral Transgression and Consequence,Bengali,Chakma,0.1340352379190214,Qwen
Moral Transgression and Consequence,Bengali,Garo (Mandi),0.1737471320412487,Qwen
Moral Transgression and Consequence,Bengali,Hajong,0.13602058452632904,Qwen
Moral Transgression and Consequence,Bengali,Khasi,0.16639325276468309,Qwen
Moral Transgression and Consequence,Bengali,Manipuri (Meitei),0.16215577560976768,Qwen
Moral Transgression and Consequence,Bengali,Marma,0.13406450434235007,Qwen
Moral Transgression and Consequence,Bengali,Mro,0.15412368424591427,Qwen
Moral Transgression and Consequence,Bengali,Oraon (Kurukh),0.14786238613298242,Qwen
Moral Transgression and Consequence,Bengali,Rakhine,0.12043022047186736,Qwen
Moral Transgression and Consequence,Bengali,Santal,0.126636768163361,Qwen
Moral Transgression and Consequence,Bengali,Tripura,0.12804793523790337,Qwen
Moral Transgression and Consequence,Chakma,Garo (Mandi),0.08781629035009986,Qwen
Moral Transgression and Consequence,Chakma,Hajong,0.09602562461224107,Qwen
Moral Transgression and Consequence,Chakma,Khasi,0.0930802279927645,Qwen
Moral Transgression and Consequence,Chakma,Manipuri (Meitei),0.12969438256539112,Qwen
Moral Transgression and Consequence,Chakma,Marma,0.0702650152991452,Qwen
Moral Transgression and Consequence,Chakma,Mro,0.09181090672328751,Qwen
Moral Transgression and Consequence,Chakma,Oraon (Kurukh),0.0810137316645142,Qwen
Moral Transgression and Consequence,Chakma,Rakhine,0.08308004669410596,Qwen
Moral Transgression and Consequence,Chakma,Santal,0.08998347324589862,Qwen
Moral Transgression and Consequence,Chakma,Tripura,0.073977655152353,Qwen
Moral Transgression and Consequence,Garo (Mandi),Hajong,0.11385018994032037,Qwen
Moral Transgression and Consequence,Garo (Mandi),Khasi,0.0943367594468969,Qwen
Moral Transgression and Consequence,Garo (Mandi),Manipuri (Meitei),0.1266733837281412,Qwen
Moral Transgression and Consequence,Garo (Mandi),Marma,0.07861076782348475,Qwen
Moral Transgression and Consequence,Garo (Mandi),Mro,0.076526416021652,Qwen
Moral Transgression and Consequence,Garo (Mandi),Oraon (Kurukh),0.10060440831459627,Qwen
Moral Transgression and Consequence,Garo (Mandi),Rakhine,0.11921437844524074,Qwen
Moral Transgression and Consequence,Garo (Mandi),Santal,0.10494592707691364,Qwen
Moral Transgression and Consequence,Garo (Mandi),Tripura,0.08456611464079611,Qwen
Moral Transgression and Consequence,Hajong,Khasi,0.1113300490776209,Qwen
Moral Transgression and Consequence,Hajong,Manipuri (Meitei),0.14870433653864057,Qwen
Moral Transgression and Consequence,Hajong,Marma,0.08642465930143028,Qwen
Moral Transgression and Consequence,Hajong,Mro,0.10331663205555397,Qwen
Moral Transgression and Consequence,Hajong,Oraon (Kurukh),0.09913988058005341,Qwen
Moral Transgression and Consequence,Hajong,Rakhine,0.11683947432726294,Qwen
Moral Transgression and Consequence,Hajong,Santal,0.1004899049646295,Qwen
Moral Transgression and Consequence,Hajong,Tripura,0.07737393980390384,Qwen
Moral Transgression and Consequence,Khasi,Manipuri (Meitei),0.14249513465633978,Qwen
Moral Transgression and Consequence,Khasi,Marma,0.09293032707148663,Qwen
Moral Transgression and Consequence,Khasi,Mro,0.0800934346863108,Qwen
Moral Transgression and Consequence,Khasi,Oraon (Kurukh),0.10055191156982402,Qwen
Moral Transgression and Consequence,Khasi,Rakhine,0.1189972827733008,Qwen
Moral Transgression and Consequence,Khasi,Santal,0.10805440261069621,Qwen
Moral Transgression and Consequence,Khasi,Tripura,0.07189339941179229,Qwen
Moral Transgression and Consequence,Manipuri (Meitei),Marma,0.11616215398476415,Qwen
Moral Transgression and Consequence,Manipuri (Meitei),Mro,0.11681977889975004,Qwen
Moral Transgression and Consequence,Manipuri (Meitei),Oraon (Kurukh),0.1303689562049155,Qwen
Moral Transgression and Consequence,Manipuri (Meitei),Rakhine,0.12000021762940527,Qwen
Moral Transgression and Consequence,Manipuri (Meitei),Santal,0.1313475652610352,Qwen
Moral Transgression and Consequence,Manipuri (Meitei),Tripura,0.12146461123175512,Qwen
Moral Transgression and Consequence,Marma,Mro,0.05205327297782003,Qwen
Moral Transgression and Consequence,Marma,Oraon (Kurukh),0.08248714958373915,Qwen
Moral Transgression and Consequence,Marma,Rakhine,0.06462467923134874,Qwen
Moral Transgression and Consequence,Marma,Santal,0.09524270669250334,Qwen
Moral Transgression and Consequence,Marma,Tripura,0.0635428143936686,Qwen
Moral Transgression and Consequence,Mro,Oraon (Kurukh),0.09484860298765485,Qwen
Moral Transgression and Consequence,Mro,Rakhine,0.10589727812813332,Qwen
Moral Transgression and Consequence,Mro,Santal,0.10396170849469555,Qwen
Moral Transgression and Consequence,Mro,Tripura,0.057913591350456706,Qwen
Moral Transgression and Consequence,Oraon (Kurukh),Rakhine,0.09584063114572716,Qwen
Moral Transgression and Consequence,Oraon (Kurukh),Santal,0.07422416977098922,Qwen
Moral Transgression and Consequence,Oraon (Kurukh),Tripura,0.07113785666256467,Qwen
Moral Transgression and Consequence,Rakhine,Santal,0.10557512368952138,Qwen
Moral Transgression and Consequence,Rakhine,Tripura,0.0944132566181044,Qwen
Moral Transgression and Consequence,Santal,Tripura,0.08168597044299908,Qwen
Origin Story,Bengali,Chakma,0.14020587987030275,Qwen
Origin Story,Bengali,Garo (Mandi),0.1348082852094109,Qwen
Origin Story,Bengali,Hajong,0.15581862569694982,Qwen
Origin Story,Bengali,Khasi,0.13556018523702185,Qwen
Origin Story,Bengali,Manipuri (Meitei),0.1386551271549855,Qwen
Origin Story,Bengali,Marma,0.13865035371325596,Qwen
Origin Story,Bengali,Mro,0.13969524133684064,Qwen
Origin Story,Bengali,Oraon (Kurukh),0.12849169155241413,Qwen
Origin Story,Bengali,Rakhine,0.14958236065779407,Qwen
Origin Story,Bengali,Santal,0.10964382401133976,Qwen
Origin Story,Bengali,Tripura,0.13448404339914333,Qwen
Origin Story,Chakma,Garo (Mandi),0.09530654685021356,Qwen
Origin Story,Chakma,Hajong,0.11800004808897158,Qwen
Origin Story,Chakma,Khasi,0.09306139065812535,Qwen
Origin Story,Chakma,Manipuri (Meitei),0.13740718165624655,Qwen
Origin Story,Chakma,Marma,0.09397932942369913,Qwen
Origin Story,Chakma,Mro,0.09287638014808652,Qwen
Origin Story,Chakma,Oraon (Kurukh),0.1465318719617369,Qwen
Origin Story,Chakma,Rakhine,0.15241280855297457,Qwen
Origin Story,Chakma,Santal,0.1215864738563992,Qwen
Origin Story,Chakma,Tripura,0.11176700666769701,Qwen
Origin Story,Garo (Mandi),Hajong,0.12749833195596305,Qwen
Origin Story,Garo (Mandi),Khasi,0.09978870479242663,Qwen
Origin Story,Garo (Mandi),Manipuri (Meitei),0.1189643326801959,Qwen
Origin Story,Garo (Mandi),Marma,0.10134579932568677,Qwen
Origin Story,Garo (Mandi),Mro,0.103811788556602,Qwen
Origin Story,Garo (Mandi),Oraon (Kurukh),0.13071680258566187,Qwen
Origin Story,Garo (Mandi),Rakhine,0.14537908589416282,Qwen
Origin Story,Garo (Mandi),Santal,0.0952645223459263,Qwen
Origin Story,Garo (Mandi),Tripura,0.13182324388415312,Qwen
Origin Story,Hajong,Khasi,0.11024222782940707,Qwen
Origin Story,Hajong,Manipuri (Meitei),0.1655166407333094,Qwen
Origin Story,Hajong,Marma,0.12353526916581936,Qwen
Origin Story,Hajong,Mro,0.13706848102664615,Qwen
Origin Story,Hajong,Oraon (Kurukh),0.16749805259325712,Qwen
Origin Story,Hajong,Rakhine,0.16892753570789798,Qwen
Origin Story,Hajong,Santal,0.12596065866524342,Qwen
Origin Story,Hajong,Tripura,0.16973411353234114,Qwen
Origin Story,Khasi,Manipuri (Meitei),0.1363064160854186,Qwen
Origin Story,Khasi,Marma,0.10442040725490875,Qwen
Origin Story,Khasi,Mro,0.11426706563465172,Qwen
Origin Story,Khasi,Oraon (Kurukh),0.13827604270017713,Qwen
Origin Story,Khasi,Rakhine,0.15597226611857484,Qwen
Origin Story,Khasi,Santal,0.12766787081100328,Qwen
Origin Story,Khasi,Tripura,0.12196385448761926,Qwen
Origin Story,Manipuri (Meitei),Marma,0.12113236496973268,Qwen
Origin Story,Manipuri (Meitei),Mro,0.12976027681306856,Qwen
Origin Story,Manipuri (Meitei),Oraon (Kurukh),0.15080190465183507,Qwen
Origin Story,Manipuri (Meitei),Rakhine,0.15540949792561898,Qwen
Origin Story,Manipuri (Meitei),Santal,0.13084272750950787,Qwen
Origin Story,Manipuri (Meitei),Tripura,0.13091611842454043,Qwen
Origin Story,Marma,Mro,0.07071938976627679,Qwen
Origin Story,Marma,Oraon (Kurukh),0.14132484745673324,Qwen
Origin Story,Marma,Rakhine,0.15357592574887757,Qwen
Origin Story,Marma,Santal,0.10242943041614727,Qwen
Origin Story,Marma,Tripura,0.12111016211499104,Qwen
Origin Story,Mro,Oraon (Kurukh),0.12368128423242608,Qwen
Origin Story,Mro,Rakhine,0.17750863509766146,Qwen
Origin Story,Mro,Santal,0.10501418805003249,Qwen
Origin Story,Mro,Tripura,0.12045442356030056,Qwen
Origin Story,Oraon (Kurukh),Rakhine,0.191746398690806,Qwen
Origin Story,Oraon (Kurukh),Santal,0.11139548671843869,Qwen
Origin Story,Oraon (Kurukh),Tripura,0.1559436565794925,Qwen
Origin Story,Rakhine,Santal,0.15304769949847152,Qwen
Origin Story,Rakhine,Tripura,0.17329829466177904,Qwen
Origin Story,Santal,Tripura,0.14081237371460942,Qwen
Rite of Passage,Bengali,Chakma,0.1224210250260227,Qwen
Rite of Passage,Bengali,Garo (Mandi),0.13112463572711663,Qwen
Rite of Passage,Bengali,Hajong,0.13925070441941312,Qwen
Rite of Passage,Bengali,Khasi,0.13841174851838411,Qwen
Rite of Passage,Bengali,Manipuri (Meitei),0.15018392734303576,Qwen
Rite of Passage,Bengali,Marma,0.13571971665419147,Qwen
Rite of Passage,Bengali,Mro,0.13904673348567642,Qwen
Rite of Passage,Bengali,Oraon (Kurukh),0.15194645661401007,Qwen
Rite of Passage,Bengali,Rakhine,0.12299106777133006,Qwen
Rite of Passage,Bengali,Santal,0.16236062621397152,Qwen
Rite of Passage,Bengali,Tripura,0.1310626736777868,Qwen
Rite of Passage,Chakma,Garo (Mandi),0.09868358135100408,Qwen
Rite of Passage,Chakma,Hajong,0.1395836369603326,Qwen
Rite of Passage,Chakma,Khasi,0.11383850037961663,Qwen
Rite of Passage,Chakma,Manipuri (Meitei),0.15460511477108752,Qwen
Rite of Passage,Chakma,Marma,0.11164170982130106,Qwen
Rite of Passage,Chakma,Mro,0.10098626013787193,Qwen
Rite of Passage,Chakma,Oraon (Kurukh),0.11309797558121282,Qwen
Rite of Passage,Chakma,Rakhine,0.15420838312148333,Qwen
Rite of Passage,Chakma,Santal,0.12991498911512167,Qwen
Rite of Passage,Chakma,Tripura,0.12807522594770637,Qwen
Rite of Passage,Garo (Mandi),Hajong,0.1463688987062728,Qwen
Rite of Passage,Garo (Mandi),Khasi,0.09183512226808033,Qwen
Rite of Passage,Garo (Mandi),Manipuri (Meitei),0.13416556652755718,Qwen
Rite of Passage,Garo (Mandi),Marma,0.10664477997084354,Qwen
Rite of Passage,Garo (Mandi),Mro,0.10071686555379489,Qwen
Rite of Passage,Garo (Mandi),Oraon (Kurukh),0.13152118573210614,Qwen
Rite of Passage,Garo (Mandi),Rakhine,0.16113657959141314,Qwen
Rite of Passage,Garo (Mandi),Santal,0.12232871731019379,Qwen
Rite of Passage,Garo (Mandi),Tripura,0.13081150901963412,Qwen
Rite of Passage,Hajong,Khasi,0.12452521629366287,Qwen
Rite of Passage,Hajong,Manipuri (Meitei),0.17199990734455295,Qwen
Rite of Passage,Hajong,Marma,0.1319808441579351,Qwen
Rite of Passage,Hajong,Mro,0.14382200129525358,Qwen
Rite of Passage,Hajong,Oraon (Kurukh),0.16235279400966784,Qwen
Rite of Passage,Hajong,Rakhine,0.16427986746398815,Qwen
Rite of Passage,Hajong,Santal,0.1515280672753735,Qwen
Rite of Passage,Hajong,Tripura,0.1517142940275602,Qwen
Rite of Passage,Khasi,Manipuri (Meitei),0.11298353827860619,Qwen
Rite of Passage,Khasi,Marma,0.11299234396969038,Qwen
Rite of Passage,Khasi,Mro,0.13410466246314823,Qwen
Rite of Passage,Khasi,Oraon (Kurukh),0.13487216404600344,Qwen
Rite of Passage,Khasi,Rakhine,0.14145761386290168,Qwen
Rite of Passage,Khasi,Santal,0.13820085987549713,Qwen
Rite of Passage,Khasi,Tripura,0.1301982852141682,Qwen
Rite of Passage,Manipuri (Meitei),Marma,0.12856975542636218,Qwen
Rite of Passage,Manipuri (Meitei),Mro,0.14882467159212454,Qwen
Rite of Passage,Manipuri (Meitei),Oraon (Kurukh),0.16596113494779685,Qwen
Rite of Passage,Manipuri (Meitei),Rakhine,0.15389664547927762,Qwen
Rite of Passage,Manipuri (Meitei),Santal,0.1692577204381953,Qwen
Rite of Passage,Manipuri (Meitei),Tripura,0.1379882103788983,Qwen
Rite of Passage,Marma,Mro,0.08358091038931792,Qwen
Rite of Passage,Marma,Oraon (Kurukh),0.13290437518794074,Qwen
Rite of Passage,Marma,Rakhine,0.12187352676923346,Qwen
Rite of Passage,Marma,Santal,0.14603491119327494,Qwen
Rite of Passage,Marma,Tripura,0.12013220709453964,Qwen
Rite of Passage,Mro,Oraon (Kurukh),0.11038384951941471,Qwen
Rite of Passage,Mro,Rakhine,0.1836846874108572,Qwen
Rite of Passage,Mro,Santal,0.12685255843034693,Qwen
Rite of Passage,Mro,Tripura,0.14171601118062327,Qwen
Rite of Passage,Oraon (Kurukh),Rakhine,0.16907992708990738,Qwen
Rite of Passage,Oraon (Kurukh),Santal,0.12667452390891354,Qwen
Rite of Passage,Oraon (Kurukh),Tripura,0.15882844175216204,Qwen
Rite of Passage,Rakhine,Santal,0.1713743876555892,Qwen
Rite of Passage,Rakhine,Tripura,0.15401646729471552,Qwen
Rite of Passage,Santal,Tripura,0.1616936734182497,Qwen
Sacred or Forbidden Space,Bengali,Chakma,0.10516065250529516,Qwen
Sacred or Forbidden Space,Bengali,Garo (Mandi),0.0966283641601472,Qwen
Sacred or Forbidden Space,Bengali,Hajong,0.0798374057779283,Qwen
Sacred or Forbidden Space,Bengali,Khasi,0.10120628289565481,Qwen
Sacred or Forbidden Space,Bengali,Manipuri (Meitei),0.09263709508484486,Qwen
Sacred or Forbidden Space,Bengali,Marma,0.10333150797945245,Qwen
Sacred or Forbidden Space,Bengali,Mro,0.12115930146239062,Qwen
Sacred or Forbidden Space,Bengali,Oraon (Kurukh),0.10886646907535591,Qwen
Sacred or Forbidden Space,Bengali,Rakhine,0.0967535341091823,Qwen
Sacred or Forbidden Space,Bengali,Santal,0.09278285552988885,Qwen
Sacred or Forbidden Space,Bengali,Tripura,0.11005182136231528,Qwen
Sacred or Forbidden Space,Chakma,Garo (Mandi),0.0820138399977074,Qwen
Sacred or Forbidden Space,Chakma,Hajong,0.09722812201499476,Qwen
Sacred or Forbidden Space,Chakma,Khasi,0.08660942966474938,Qwen
Sacred or Forbidden Space,Chakma,Manipuri (Meitei),0.12508263211604997,Qwen
Sacred or Forbidden Space,Chakma,Marma,0.07441272192920068,Qwen
Sacred or Forbidden Space,Chakma,Mro,0.09020222642151976,Qwen
Sacred or Forbidden Space,Chakma,Oraon (Kurukh),0.07534335791082858,Qwen
Sacred or Forbidden Space,Chakma,Rakhine,0.0973342911023467,Qwen
Sacred or Forbidden Space,Chakma,Santal,0.09685892300393684,Qwen
Sacred or Forbidden Space,Chakma,Tripura,0.094372837348775,Qwen
Sacred or Forbidden Space,Garo (Mandi),Hajong,0.0727668973088843,Qwen
Sacred or Forbidden Space,Garo (Mandi),Khasi,0.08561251828304828,Qwen
Sacred or Forbidden Space,Garo (Mandi),Manipuri (Meitei),0.1010892849433076,Qwen
Sacred or Forbidden Space,Garo (Mandi),Marma,0.1040086796865406,Qwen
Sacred or Forbidden Space,Garo (Mandi),Mro,0.10942084971920774,Qwen
Sacred or Forbidden Space,Garo (Mandi),Oraon (Kurukh),0.08688347276038766,Qwen
Sacred or Forbidden Space,Garo (Mandi),Rakhine,0.09698384473327248,Qwen
Sacred or Forbidden Space,Garo (Mandi),Santal,0.08169184588991496,Qwen
Sacred or Forbidden Space,Garo (Mandi),Tripura,0.10082962291434827,Qwen
Sacred or Forbidden Space,Hajong,Khasi,0.07773523091591661,Qwen
Sacred or Forbidden Space,Hajong,Manipuri (Meitei),0.0886332607065835,Qwen
Sacred or Forbidden Space,Hajong,Marma,0.08320589806925083,Qwen
Sacred or Forbidden Space,Hajong,Mro,0.11259932012729545,Qwen
Sacred or Forbidden Space,Hajong,Oraon (Kurukh),0.08570361731150777,Qwen
Sacred or Forbidden Space,Hajong,Rakhine,0.08157111086226398,Qwen
Sacred or Forbidden Space,Hajong,Santal,0.07731368456296761,Qwen
Sacred or Forbidden Space,Hajong,Tripura,0.08586678406799986,Qwen
Sacred or Forbidden Space,Khasi,Manipuri (Meitei),0.10468521805243614,Qwen
Sacred or Forbidden Space,Khasi,Marma,0.08671254181906851,Qwen
Sacred or Forbidden Space,Khasi,Mro,0.11041249453877289,Qwen
Sacred or Forbidden Space,Khasi,Oraon (Kurukh),0.08274556026293467,Qwen
Sacred or Forbidden Space,Khasi,Rakhine,0.08458440061616868,Qwen
Sacred or Forbidden Space,Khasi,Santal,0.08744251038440187,Qwen
Sacred or Forbidden Space,Khasi,Tripura,0.08484099916614751,Qwen
Sacred or Forbidden Space,Manipuri (Meitei),Marma,0.10785949023242491,Qwen
Sacred or Forbidden Space,Manipuri (Meitei),Mro,0.12108350939791801,Qwen
Sacred or Forbidden Space,Manipuri (Meitei),Oraon (Kurukh),0.1182611692395732,Qwen
Sacred or Forbidden Space,Manipuri (Meitei),Rakhine,0.08703290242377149,Qwen
Sacred or Forbidden Space,Manipuri (Meitei),Santal,0.11354898872195385,Qwen
Sacred or Forbidden Space,Manipuri (Meitei),Tripura,0.1029515747390205,Qwen
Sacred or Forbidden Space,Marma,Mro,0.08545652930602832,Qwen
Sacred or Forbidden Space,Marma,Oraon (Kurukh),0.07706629071274607,Qwen
Sacred or Forbidden Space,Marma,Rakhine,0.07467311616295003,Qwen
Sacred or Forbidden Space,Marma,Santal,0.09704468140126965,Qwen
Sacred or Forbidden Space,Marma,Tripura,0.09147631827658376,Qwen
Sacred or Forbidden Space,Mro,Oraon (Kurukh),0.10738850855839488,Qwen
Sacred or Forbidden Space,Mro,Rakhine,0.1031899605123342,Qwen
Sacred or Forbidden Space,Mro,Santal,0.12465825790656959,Qwen
Sacred or Forbidden Space,Mro,Tripura,0.11831164823688867,Qwen
Sacred or Forbidden Space,Oraon (Kurukh),Rakhine,0.10576625838863973,Qwen
Sacred or Forbidden Space,Oraon (Kurukh),Santal,0.08079694449192187,Qwen
Sacred or Forbidden Space,Oraon (Kurukh),Tripura,0.0885658622970501,Qwen
Sacred or Forbidden Space,Rakhine,Santal,0.10057673811744394,Qwen
Sacred or Forbidden Space,Rakhine,Tripura,0.10153150453567994,Qwen
Sacred or Forbidden Space,Santal,Tripura,0.09881109120435794,Qwen
Trickster or Clever Figure,Bengali,Chakma,0.11830560233164056,Qwen
Trickster or Clever Figure,Bengali,Garo (Mandi),0.11414504239183487,Qwen
Trickster or Clever Figure,Bengali,Hajong,0.1101346577736857,Qwen
Trickster or Clever Figure,Bengali,Khasi,0.1261266762637847,Qwen
Trickster or Clever Figure,Bengali,Manipuri (Meitei),0.12253112650527243,Qwen
Trickster or Clever Figure,Bengali,Marma,0.11843022836419659,Qwen
Trickster or Clever Figure,Bengali,Mro,0.12367011206948142,Qwen
Trickster or Clever Figure,Bengali,Oraon (Kurukh),0.08585470779369886,Qwen
Trickster or Clever Figure,Bengali,Rakhine,0.11596718118139604,Qwen
Trickster or Clever Figure,Bengali,Santal,0.11047928345407076,Qwen
Trickster or Clever Figure,Bengali,Tripura,0.10782959827599392,Qwen
Trickster or Clever Figure,Chakma,Garo (Mandi),0.10006225333220142,Qwen
Trickster or Clever Figure,Chakma,Hajong,0.12900948064639406,Qwen
Trickster or Clever Figure,Chakma,Khasi,0.11682755875034756,Qwen
Trickster or Clever Figure,Chakma,Manipuri (Meitei),0.14937812812099727,Qwen
Trickster or Clever Figure,Chakma,Marma,0.10973581601831728,Qwen
Trickster or Clever Figure,Chakma,Mro,0.09586996782927315,Qwen
Trickster or Clever Figure,Chakma,Oraon (Kurukh),0.11821171934715824,Qwen
Trickster or Clever Figure,Chakma,Rakhine,0.13786341547034797,Qwen
Trickster or Clever Figure,Chakma,Santal,0.12929519290315183,Qwen
Trickster or Clever Figure,Chakma,Tripura,0.07871477371954305,Qwen
Trickster or Clever Figure,Garo (Mandi),Hajong,0.08702274549428579,Qwen
Trickster or Clever Figure,Garo (Mandi),Khasi,0.09478128386685236,Qwen
Trickster or Clever Figure,Garo (Mandi),Manipuri (Meitei),0.12987827679720576,Qwen
Trickster or Clever Figure,Garo (Mandi),Marma,0.09033616467245842,Qwen
Trickster or Clever Figure,Garo (Mandi),Mro,0.07199699523097791,Qwen
Trickster or Clever Figure,Garo (Mandi),Oraon (Kurukh),0.08541795557927667,Qwen
Trickster or Clever Figure,Garo (Mandi),Rakhine,0.11685324724423285,Qwen
Trickster or Clever Figure,Garo (Mandi),Santal,0.10506682302050696,Qwen
Trickster or Clever Figure,Garo (Mandi),Tripura,0.09151598672927719,Qwen
Trickster or Clever Figure,Hajong,Khasi,0.11394936574622638,Qwen
Trickster or Clever Figure,Hajong,Manipuri (Meitei),0.11376700302355747,Qwen
Trickster or Clever Figure,Hajong,Marma,0.10156345977212355,Qwen
Trickster or Clever Figure,Hajong,Mro,0.10805334905857766,Qwen
Trickster or Clever Figure,Hajong,Oraon (Kurukh),0.09038812951765518,Qwen
Trickster or Clever Figure,Hajong,Rakhine,0.10472654514316848,Qwen
Trickster or Clever Figure,Hajong,Santal,0.10032525553484495,Qwen
Trickster or Clever Figure,Hajong,Tripura,0.1007718710538319,Qwen
Trickster or Clever Figure,Khasi,Manipuri (Meitei),0.13260396772637173,Qwen
Trickster or Clever Figure,Khasi,Marma,0.11596652234287408,Qwen
Trickster or Clever Figure,Khasi,Mro,0.11172713910933663,Qwen
Trickster or Clever Figure,Khasi,Oraon (Kurukh),0.0936340965694179,Qwen
Trickster or Clever Figure,Khasi,Rakhine,0.1462869651732941,Qwen
Trickster or Clever Figure,Khasi,Santal,0.12069023691361658,Qwen
Trickster or Clever Figure,Khasi,Tripura,0.10125725244860895,Qwen
Trickster or Clever Figure,Manipuri (Meitei),Marma,0.1175689926467175,Qwen
Trickster or Clever Figure,Manipuri (Meitei),Mro,0.13465618961020653,Qwen
Trickster or Clever Figure,Manipuri (Meitei),Oraon (Kurukh),0.12668153062086607,Qwen
Trickster or Clever Figure,Manipuri (Meitei),Rakhine,0.11624169514675564,Qwen
Trickster or Clever Figure,Manipuri (Meitei),Santal,0.12402000651976364,Qwen
Trickster or Clever Figure,Manipuri (Meitei),Tripura,0.12248761733059865,Qwen
Trickster or Clever Figure,Marma,Mro,0.05984377248049144,Qwen
Trickster or Clever Figure,Marma,Oraon (Kurukh),0.09856150262403651,Qwen
Trickster or Clever Figure,Marma,Rakhine,0.11536233787754258,Qwen
Trickster or Clever Figure,Marma,Santal,0.10506392382276708,Qwen
Trickster or Clever Figure,Marma,Tripura,0.09835374231605543,Qwen
Trickster or Clever Figure,Mro,Oraon (Kurukh),0.10858810153958054,Qwen
Trickster or Clever Figure,Mro,Rakhine,0.12438887108764518,Qwen
Trickster or Clever Figure,Mro,Santal,0.11663208780305145,Qwen
Trickster or Clever Figure,Mro,Tripura,0.0996026232944126,Qwen
Trickster or Clever Figure,Oraon (Kurukh),Rakhine,0.12575823083059,Qwen
Trickster or Clever Figure,Oraon (Kurukh),Santal,0.08336288829564309,Qwen
Trickster or Clever Figure,Oraon (Kurukh),Tripura,0.09919940795523796,Qwen
Trickster or Clever Figure,Rakhine,Santal,0.1333889877338148,Qwen
Trickster or Clever Figure,Rakhine,Tripura,0.12294466676667659,Qwen
Trickster or Clever Figure,Santal,Tripura,0.10843837561247205,Qwen
Wisdom of an Elder,Bengali,Chakma,0.1148024560899108,Qwen
Wisdom of an Elder,Bengali,Garo (Mandi),0.13458292966819563,Qwen
Wisdom of an Elder,Bengali,Hajong,0.12812194517759612,Qwen
Wisdom of an Elder,Bengali,Khasi,0.14152394149143888,Qwen
Wisdom of an Elder,Bengali,Manipuri (Meitei),0.14498975792157753,Qwen
Wisdom of an Elder,Bengali,Marma,0.14488941064163263,Qwen
Wisdom of an Elder,Bengali,Mro,0.1427406618315482,Qwen
Wisdom of an Elder,Bengali,Oraon (Kurukh),0.13590431364836386,Qwen
Wisdom of an Elder,Bengali,Rakhine,0.1490299750988041,Qwen
Wisdom of an Elder,Bengali,Santal,0.15222604419476216,Qwen
Wisdom of an Elder,Bengali,Tripura,0.11754143459996558,Qwen
Wisdom of an Elder,Chakma,Garo (Mandi),0.08188838739830684,Qwen
Wisdom of an Elder,Chakma,Hajong,0.11158512013089938,Qwen
Wisdom of an Elder,Chakma,Khasi,0.10566115039161006,Qwen
Wisdom of an Elder,Chakma,Manipuri (Meitei),0.12989120945231158,Qwen
Wisdom of an Elder,Chakma,Marma,0.07469531016000697,Qwen
Wisdom of an Elder,Chakma,Mro,0.07786495372135205,Qwen
Wisdom of an Elder,Chakma,Oraon (Kurukh),0.09550858844250121,Qwen
Wisdom of an Elder,Chakma,Rakhine,0.1676334252447832,Qwen
Wisdom of an Elder,Chakma,Santal,0.10944347354206407,Qwen
Wisdom of an Elder,Chakma,Tripura,0.07091541912018973,Qwen
Wisdom of an Elder,Garo (Mandi),Hajong,0.10609245525059396,Qwen
Wisdom of an Elder,Garo (Mandi),Khasi,0.08509760133770294,Qwen
Wisdom of an Elder,Garo (Mandi),Manipuri (Meitei),0.10283924877456752,Qwen
Wisdom of an Elder,Garo (Mandi),Marma,0.06653896642982704,Qwen
Wisdom of an Elder,Garo (Mandi),Mro,0.08190769412603871,Qwen
Wisdom of an Elder,Garo (Mandi),Oraon (Kurukh),0.07707573608725282,Qwen
Wisdom of an Elder,Garo (Mandi),Rakhine,0.14778559243317813,Qwen
Wisdom of an Elder,Garo (Mandi),Santal,0.08172432519940831,Qwen
Wisdom of an Elder,Garo (Mandi),Tripura,0.08831787896054022,Qwen
Wisdom of an Elder,Hajong,Khasi,0.10961238007460083,Qwen
Wisdom of an Elder,Hajong,Manipuri (Meitei),0.1354767735990251,Qwen
Wisdom of an Elder,Hajong,Marma,0.10929588069601981,Qwen
Wisdom of an Elder,Hajong,Mro,0.131372618919404,Qwen
Wisdom of an Elder,Hajong,Oraon (Kurukh),0.12161329195000659,Qwen
Wisdom of an Elder,Hajong,Rakhine,0.17017903631713605,Qwen
Wisdom of an Elder,Hajong,Santal,0.11936118601891654,Qwen
Wisdom of an Elder,Hajong,Tripura,0.11941042223025722,Qwen
Wisdom of an Elder,Khasi,Manipuri (Meitei),0.11837736133178889,Qwen
Wisdom of an Elder,Khasi,Marma,0.08170846256432851,Qwen
Wisdom of an Elder,Khasi,Mro,0.09982934616600858,Qwen
Wisdom of an Elder,Khasi,Oraon (Kurukh),0.11299076051020152,Qwen
Wisdom of an Elder,Khasi,Rakhine,0.1516235917148172,Qwen
Wisdom of an Elder,Khasi,Santal,0.11747427171874347,Qwen
Wisdom of an Elder,Khasi,Tripura,0.1152661637845771,Qwen
Wisdom of an Elder,Manipuri (Meitei),Marma,0.11302636711104108,Qwen
Wisdom of an Elder,Manipuri (Meitei),Mro,0.13892482423055663,Qwen
Wisdom of an Elder,Manipuri (Meitei),Oraon (Kurukh),0.12187736973717034,Qwen
Wisdom of an Elder,Manipuri (Meitei),Rakhine,0.14471176927627039,Qwen
Wisdom of an Elder,Manipuri (Meitei),Santal,0.1307200636308572,Qwen
Wisdom of an Elder,Manipuri (Meitei),Tripura,0.15252689798070196,Qwen
Wisdom of an Elder,Marma,Mro,0.0734278146794437,Qwen
Wisdom of an Elder,Marma,Oraon (Kurukh),0.09700625038079824,Qwen
Wisdom of an Elder,Marma,Rakhine,0.1376258699803955,Qwen
Wisdom of an Elder,Marma,Santal,0.09537196904074452,Qwen
Wisdom of an Elder,Marma,Tripura,0.09433567489555772,Qwen
Wisdom of an Elder,Mro,Oraon (Kurukh),0.10701608413427588,Qwen
Wisdom of an Elder,Mro,Rakhine,0.15165145593627327,Qwen
Wisdom of an Elder,Mro,Santal,0.11926511665604866,Qwen
Wisdom of an Elder,Mro,Tripura,0.0869421199823236,Qwen
Wisdom of an Elder,Oraon (Kurukh),Rakhine,0.15752479095361516,Qwen
Wisdom of an Elder,Oraon (Kurukh),Santal,0.08130458994512169,Qwen
Wisdom of an Elder,Oraon (Kurukh),Tripura,0.10108575396434627,Qwen
Wisdom of an Elder,Rakhine,Santal,0.17717025934159303,Qwen
Wisdom of an Elder,Rakhine,Tripura,0.1617528523424293,Qwen
Wisdom of an Elder,Santal,Tripura,0.11265841626303774,Qwen
